kb_kyoden_search_1,kb_kyoden_search_2,no_haisyutu,nm_hpannounce,nm_houjin1,nm_houjin2,nm_kyoten,cd_ken,nm_ken,ad_address1,ad_address2,ad_address3,nm_address,nm_address_search,no_tel,ad_latitude,ad_longitude,map_url
1,0,0100200148,,桜井ミシン電気商会,,桜井ミシン電気商会　,13,東京都,世田谷区,豪徳寺１−４５−３,,東京都世田谷区豪徳寺１−４５−３,東京都世田谷区豪徳寺１−４５−３,03-3429-3761,35.65397644042969,139.64671325683594,https://map.yahoo.co.jp/search?q=東京都世田谷区豪徳寺１−４５−３
1,0,0100210578,,（有）深澤電機商会,,（有）深澤電機商会　,13,東京都,文京区,千駄木３−４１−１１,,東京都文京区千駄木３−４１−１１,東京都文京区千駄木３−４１−１１,03-3821-0622,35.72724914550781,139.76470947265625,https://map.yahoo.co.jp/search?q=東京都文京区千駄木３−４１−１１
1,0,0100210895,,（有）森山電気商会,,（有）森山電気商会　,13,東京都,豊島区,南池袋２−１４−５,,東京都豊島区南池袋２−１４−５,東京都豊島区南池袋２−１４−５,03-3971-6320,35.72649002075195,139.71246337890625,https://map.yahoo.co.jp/search?q=東京都豊島区南池袋２−１４−５
1,0,0100210924,,（有）わくい電器,,（有）わくい電器　,13,東京都,板橋区,常盤台４−６−１７,,東京都板橋区常盤台４−６−１７,東京都板橋区常盤台４−６−１７,03-3935-2409,35.764244079589844,139.68222045898438,https://map.yahoo.co.jp/search?q=東京都板橋区常盤台４−６−１７
1,0,0100211007,,児玉電気店,,児玉電気店　,13,東京都,品川区,東大井５−１０−７,,東京都品川区東大井５−１０−７,東京都品川区東大井５−１０−７,03-3474-8933,35.606937408447266,139.73892211914062,https://map.yahoo.co.jp/search?q=東京都品川区東大井５−１０−７
1,0,0100211086,,古谷電気（株）,,古谷電気（株）　,13,東京都,目黒区,上目黒２−１２−１１,,東京都目黒区上目黒２−１２−１１,東京都目黒区上目黒２−１２−１１,03-3711-7511,35.6426887512207,139.69837951660156,https://map.yahoo.co.jp/search?q=東京都目黒区上目黒２−１２−１１
1,0,0100211346,,クサジマ電器（株）,,クサジマ電器（株）　,13,東京都,羽村市,緑ヶ丘１−１５−１０,クサジマビル１Ｆ,東京都羽村市緑ヶ丘１−１５−１０クサジマビル１Ｆ,東京都羽村市緑ヶ丘１−１５−１０,042-554-5121,35.762939453125,139.3145294189453,https://map.yahoo.co.jp/search?q=東京都羽村市緑ヶ丘１−１５−１０
1,0,1000000764,,（株）ソフマップ,新宿店　１階レジ（旧新宿２号店）,（株）ソフマップ　新宿店　１階レジ（旧新宿２号店）,13,東京都,新宿区,西新宿１−１８−５,甲新ビル,東京都新宿区西新宿１−１８−５甲新ビル,東京都新宿区西新宿１−１８−５,03-3253-1111,35.68859100341797,139.69842529296875,https://map.yahoo.co.jp/search?q=東京都新宿区西新宿１−１８−５
1,0,1000000856,,（株）ヤマダデンキ,ベスト電器　連雀店,（株）ヤマダデンキ　ベスト電器　連雀店,13,東京都,三鷹市,下連雀６−１７−３６,,東京都三鷹市下連雀６−１７−３６,東京都三鷹市下連雀６−１７−３６,0422-44-4142,35.6917610168457,139.56613159179688,https://map.yahoo.co.jp/search?q=東京都三鷹市下連雀６−１７−３６
1,0,1000001680,,（株）Ｊｏｓｈｉｎ,つるかわ店,（株）Ｊｏｓｈｉｎ　つるかわ店,13,東京都,町田市,金井８−１５−５,,東京都町田市金井８−１５−５,東京都町田市金井８−１５−５,042-734-4751,35.575496673583984,139.46810913085938,https://map.yahoo.co.jp/search?q=東京都町田市金井８−１５−５
1,0,1000003554,,（株）ヤマダデンキ,テックランド大田糀谷店,（株）ヤマダデンキ　テックランド大田糀谷店,13,東京都,大田区,萩中２−１２−５,,東京都大田区萩中２−１２−５,東京都大田区萩中２−１２−５,03-5735-0200,35.551300048828125,139.73301696777344,https://map.yahoo.co.jp/search?q=東京都大田区萩中２−１２−５
1,0,1000004169,,（株）ケーズホールディングス,ケーズデンキ府中本店,（株）ケーズホールディングス　ケーズデンキ府中本店,13,東京都,府中市,日鋼町１−４,,東京都府中市日鋼町１−４,東京都府中市日鋼町１−４,042-352-2030,35.678077697753906,139.46786499023438,https://map.yahoo.co.jp/search?q=東京都府中市日鋼町１−４
1,0,1000004205,,（株）ヤマダデンキ,ベスト電器　中野川島店,（株）ヤマダデンキ　ベスト電器　中野川島店,13,東京都,中野区,弥生町３−３１−１,,東京都中野区弥生町３−３１−１,東京都中野区弥生町３−３１−１,03-6300-4900,35.68805694580078,139.67396545410156,https://map.yahoo.co.jp/search?q=東京都中野区弥生町３−３１−１
1,0,1000004207,,（株）ヤマダデンキ,ベスト電器　テックランド小金井店,（株）ヤマダデンキ　ベスト電器　テックランド小金井店,13,東京都,小金井市,本町５−１１−２,ＭＥＧＡドン・キホーテ武蔵小金井駅前店５Ｆ・６Ｆ,東京都小金井市本町５−１１−２ＭＥＧＡドン・キホーテ武蔵小金井駅前店５Ｆ・６Ｆ,東京都小金井市本町５−１１−２,042-382-5111,35.701480865478516,139.50558471679688,https://map.yahoo.co.jp/search?q=東京都小金井市本町５−１１−２
1,0,1000004309,,（株）ケーズホールディングス,ケーズデンキ足立店,（株）ケーズホールディングス　ケーズデンキ足立店,13,東京都,足立区,小台１−２０−６,,東京都足立区小台１−２０−６,東京都足立区小台１−２０−６,03-5813-5252,35.75520706176758,139.77099609375,https://map.yahoo.co.jp/search?q=東京都足立区小台１−２０−６
1,0,1000004321,,（株）ケーズホールディングス,ケーズデンキ多摩ニュータウン店,（株）ケーズホールディングス　ケーズデンキ多摩ニュータウン店,13,東京都,八王子市,別所２−３９−５,,東京都八王子市別所２−３９−５,東京都八王子市別所２−３９−５,042-678-7933,35.613975524902344,139.39871215820312,https://map.yahoo.co.jp/search?q=東京都八王子市別所２−３９−５
1,0,1000004731,,（株）ヤマダデンキ,ベスト電器　今井店,（株）ヤマダデンキ　ベスト電器　今井店,13,東京都,江戸川区,江戸川３−５５−１２,,東京都江戸川区江戸川３−５５−１２,東京都江戸川区江戸川３−５５−１２,03-3670-2482,35.68259048461914,139.8903350830078,https://map.yahoo.co.jp/search?q=東京都江戸川区江戸川３−５５−１２
1,0,1000004920,,（株）ケーズホールディングス,ケーズデンキ稲城若葉台店,（株）ケーズホールディングス　ケーズデンキ稲城若葉台店,13,東京都,稲城市,若葉台２−１０−２,,東京都稲城市若葉台２−１０−２,東京都稲城市若葉台２−１０−２,042-350-5011,35.62165832519531,139.47335815429688,https://map.yahoo.co.jp/search?q=東京都稲城市若葉台２−１０−２
1,0,1000004998,,（株）ケーズホールディングス,ケーズデンキ立川店,（株）ケーズホールディングス　ケーズデンキ立川店,13,東京都,立川市,泉町８４１−７,,東京都立川市泉町８４１−７,東京都立川市泉町８４１−７,042-538-2311,35.71566390991211,139.42018127441406,https://map.yahoo.co.jp/search?q=東京都立川市泉町８４１−７
1,0,1000004999,,（株）ケーズホールディングス,ケーズデンキ八王子店,（株）ケーズホールディングス　ケーズデンキ八王子店,13,東京都,八王子市,北野町５９２−１,,東京都八王子市北野町５９２−１,東京都八王子市北野町５９２−１,042-631-8970,35.652767181396484,139.3511962890625,https://map.yahoo.co.jp/search?q=東京都八王子市北野町５９２−１
1,0,1000005133,,（株）ケーズホールディングス,ケーズデンキ昭島店,（株）ケーズホールディングス　ケーズデンキ昭島店,13,東京都,昭島市,つつじが丘２−８−２０,,東京都昭島市つつじが丘２−８−２０,東京都昭島市つつじが丘２−８−２０,042-549-0601,35.715267181396484,139.36700439453125,https://map.yahoo.co.jp/search?q=東京都昭島市つつじが丘２−８−２０
1,0,1000005139,,（株）ケーズホールディングス,ケーズデンキ青梅店,（株）ケーズホールディングス　ケーズデンキ青梅店,13,東京都,青梅市,今寺５−１３−１,,東京都青梅市今寺５−１３−１,東京都青梅市今寺５−１３−１,0428-30-7121,35.79352569580078,139.3033905029297,https://map.yahoo.co.jp/search?q=東京都青梅市今寺５−１３−１
1,0,1000005253,,（株）ソフマップ,ソフマップＡＫＩＢＡパソコン・デジタル館,（株）ソフマップ　ソフマップＡＫＩＢＡパソコン・デジタル館,13,東京都,千代田区,外神田３−１３−１２,ＩＭＹビル,東京都千代田区外神田３−１３−１２ＩＭＹビル,東京都千代田区外神田３−１３−１２,03-3253-9190,35.70027542114258,139.77099609375,https://map.yahoo.co.jp/search?q=東京都千代田区外神田３−１３−１２
1,0,1000005257,,（株）ソフマップ,ソフマップ池袋店,（株）ソフマップ　ソフマップ池袋店,13,東京都,豊島区,東池袋１−５−６,,東京都豊島区東池袋１−５−６,東京都豊島区東池袋１−５−６,03-3590-1111,35.730674743652344,139.71322631835938,https://map.yahoo.co.jp/search?q=東京都豊島区東池袋１−５−６
1,0,1000005301,,（株）ケーズホールディングス,ケーズデンキ西葛西店,（株）ケーズホールディングス　ケーズデンキ西葛西店,13,東京都,江戸川区,西葛西４−２−１８,,東京都江戸川区西葛西４−２−１８,東京都江戸川区西葛西４−２−１８,03-5679-5181,35.667205810546875,139.86253356933594,https://map.yahoo.co.jp/search?q=東京都江戸川区西葛西４−２−１８
1,0,1000005502,,（株）ケーズホールディングス,ケーズデンキ東久留米店,（株）ケーズホールディングス　ケーズデンキ東久留米店,13,東京都,東久留米市,下里６−３−９,,東京都東久留米市下里６−３−９,東京都東久留米市下里６−３−９,042-479-0951,35.75638961791992,139.49684143066406,https://map.yahoo.co.jp/search?q=東京都東久留米市下里６−３−９
1,0,1000005526,,（株）Ｊｏｓｈｉｎ,西東京保谷店,（株）Ｊｏｓｈｉｎ　西東京保谷店,13,東京都,西東京市,保谷町５−８−８,,東京都西東京市保谷町５−８−８,東京都西東京市保谷町５−８−８,042-462-0711,35.73183059692383,139.54994201660156,https://map.yahoo.co.jp/search?q=東京都西東京市保谷町５−８−８
1,0,1000005572,,（株）Ｊｏｓｈｉｎ,王子店,（株）Ｊｏｓｈｉｎ　王子店,13,東京都,北区,堀船１−２３−１３,,東京都北区堀船１−２３−１３,東京都北区堀船１−２３−１３,03-5959-2311,35.7520866394043,139.7441864013672,https://map.yahoo.co.jp/search?q=東京都北区堀船１−２３−１３
1,0,1000005645,,（株）ケーズホールディングス,ケーズデンキイオンタウン稲城長沼店,（株）ケーズホールディングス　ケーズデンキイオンタウン稲城長沼店,13,東京都,稲城市,大字東長沼字４−１２１２−１,,東京都稲城市大字東長沼字４−１２１２−１,東京都稲城市大字東長沼字４−１２１２−１,042-401-7750,35.634765625,139.50425720214844,https://map.yahoo.co.jp/search?q=東京都稲城市大字東長沼字４−１２１２−１
1,0,1000005730,,（株）ケーズホールディングス,ケーズデンキ足立一ツ家店,（株）ケーズホールディングス　ケーズデンキ足立一ツ家店,13,東京都,足立区,一ツ家３−８−１８,,東京都足立区一ツ家３−８−１８,東京都足立区一ツ家３−８−１８,03-5851-8806,35.77873611450195,139.81494140625,https://map.yahoo.co.jp/search?q=東京都足立区一ツ家３−８−１８
1,0,1000005778,,（株）ソフマップ,ソフマップＡＫＩＢＡ駅前館,（株）ソフマップ　ソフマップＡＫＩＢＡ駅前館,13,東京都,千代田区,外神田１−１５−８,,東京都千代田区外神田１−１５−８,東京都千代田区外神田１−１５−８,03-6260-7960,35.698097229003906,139.77215576171875,https://map.yahoo.co.jp/search?q=東京都千代田区外神田１−１５−８
1,0,1000005782,,（株）ソフマップ,ビックカメラアウトレット×ソフマップ町田店,（株）ソフマップ　ビックカメラアウトレット×ソフマップ町田店,13,東京都,町田市,原町田６ー７ー８,アクティオーレ町田１Ｆ・２Ｆ,東京都町田市原町田６ー７ー８アクティオーレ町田１Ｆ・２Ｆ,東京都町田市原町田６ー７ー８,042-860-6621,35.542603,139.448105,https://map.yahoo.co.jp/search?q=東京都町田市原町田６ー７ー８
1,0,1000005813,,（株）ケーズホールディングス,ケーズデンキ足立竹の塚店,（株）ケーズホールディングス　ケーズデンキ足立竹の塚店,13,東京都,足立区,伊興本町二丁目１番２２号,,東京都足立区伊興本町二丁目１番２２号,東京都足立区伊興本町二丁目１番２２号,03-5809-5516,35.800048828125,139.7896270751953,https://map.yahoo.co.jp/search?q=東京都足立区伊興本町二丁目１番２２号
1,0,1000005841,,（株）Ｊｏｓｈｉｎ,マークイズ葛飾かなまち店,（株）Ｊｏｓｈｉｎ　マークイズ葛飾かなまち店,13,東京都,葛飾区,東金町１−１０−１,ＭＡＲＫ　ＩＳ　葛飾かなまち２Ｆ,東京都葛飾区東金町１−１０−１ＭＡＲＫ　ＩＳ　葛飾かなまち２Ｆ,東京都葛飾区東金町１−１０−１,03-5672-9221,35.770591735839844,139.86683654785156,https://map.yahoo.co.jp/search?q=東京都葛飾区東金町１−１０−１
1,0,2000000123,,でんきのえんどう,,でんきのえんどう　,13,東京都,青梅市,二俣尾４−９５６−４,,東京都青梅市二俣尾４−９５６−４,東京都青梅市二俣尾４−９５６−４,0428-78-9595,35.802589416503906,139.2167205810547,https://map.yahoo.co.jp/search?q=東京都青梅市二俣尾４−９５６−４
1,0,2000000184,,（有）稔電器,プラスワン平和島,（有）稔電器　プラスワン平和島,13,東京都,大田区,大森北６−２６−７,,東京都大田区大森北６−２６−７,東京都大田区大森北６−２６−７,03-3765-8118,35.578853607177734,139.73333740234375,https://map.yahoo.co.jp/search?q=東京都大田区大森北６−２６−７
1,0,2000000320,,（株）芝江電機,いつも電気シバコー,（株）芝江電機　いつも電気シバコー,13,東京都,世田谷区,上野毛１−１８−１７,臼井ビル１Ｆ,東京都世田谷区上野毛１−１８−１７臼井ビル１Ｆ,東京都世田谷区上野毛１−１８−１７,03-3703-1944,35.61354446411133,139.64080810546875,https://map.yahoo.co.jp/search?q=東京都世田谷区上野毛１−１８−１７
1,0,2000000472,,（有）内野デンキサービス,,（有）内野デンキサービス　,13,東京都,調布市,佐須町３−７−３,,東京都調布市佐須町３−７−３,東京都調布市佐須町３−７−３,042-487-4349,35.656585693359375,139.55348205566406,https://map.yahoo.co.jp/search?q=東京都調布市佐須町３−７−３
1,0,2000000479,,（株）ジャストオン,ＡＶＡＮＴジャストオン,（株）ジャストオン　ＡＶＡＮＴジャストオン,13,東京都,町田市,南成瀬１−２−１　２−１０７,駅前ハイツ,東京都町田市南成瀬１−２−１　２−１０７駅前ハイツ,東京都町田市南成瀬１−２−１　２−１０７,042-721-5011,35.53650665283203,139.4735565185547,https://map.yahoo.co.jp/search?q=東京都町田市南成瀬１−２−１　２−１０７
1,0,2000000660,,（有）キタミ電器,,（有）キタミ電器　,13,東京都,狛江市,岩戸南４−３１−１７,,東京都狛江市岩戸南４−３１−１７,東京都狛江市岩戸南４−３１−１７,03-3480-3811,35.623958587646484,139.59115600585938,https://map.yahoo.co.jp/search?q=東京都狛江市岩戸南４−３１−１７
1,0,2000000689,,高久電器（有）,タカクデンキ,高久電器（有）　タカクデンキ,13,東京都,府中市,紅葉丘２−１０−１,ハイム鈴木,東京都府中市紅葉丘２−１０−１ハイム鈴木,東京都府中市紅葉丘２−１０−１,042-369-8791,35.677467346191406,139.51478576660156,https://map.yahoo.co.jp/search?q=東京都府中市紅葉丘２−１０−１
1,0,2000001184,,（有）大野無線電気,,（有）大野無線電気　,13,東京都,練馬区,貫井３−６−４,,東京都練馬区貫井３−６−４,東京都練馬区貫井３−６−４,03-3926-1211,35.73556900024414,139.62847900390625,https://map.yahoo.co.jp/search?q=東京都練馬区貫井３−６−４
1,0,2000001185,,渡辺電器照明（株）,アヴアン　ワタナベ,渡辺電器照明（株）　アヴアン　ワタナベ,13,東京都,墨田区,東向島６−５３−２０,,東京都墨田区東向島６−５３−２０,東京都墨田区東向島６−５３−２０,03-3614-2020,35.726505279541016,139.822998046875,https://map.yahoo.co.jp/search?q=東京都墨田区東向島６−５３−２０
1,0,2000001344,,（有）ムトウ電器,,（有）ムトウ電器　,13,東京都,世田谷区,上北沢４−１７−２０,,東京都世田谷区上北沢４−１７−２０,東京都世田谷区上北沢４−１７−２０,03-3304-3121,35.66987991333008,139.62435913085938,https://map.yahoo.co.jp/search?q=東京都世田谷区上北沢４−１７−２０
1,0,2000001694,,（有）いとう電気,,（有）いとう電気　,13,東京都,東久留米市,新川町１−６−７,,東京都東久留米市新川町１−６−７,東京都東久留米市新川町１−６−７,042-471-5626,35.76274490356445,139.53738403320312,https://map.yahoo.co.jp/search?q=東京都東久留米市新川町１−６−７
1,0,2000002415,,三立電器,,三立電器　,13,東京都,国分寺市,南町２−１０−１６,松尾ビル１Ｆ,東京都国分寺市南町２−１０−１６松尾ビル１Ｆ,東京都国分寺市南町２−１０−１６,042-324-2262,35.699501037597656,139.48419189453125,https://map.yahoo.co.jp/search?q=東京都国分寺市南町２−１０−１６
1,0,2000003549,,星電機工業（株）,,星電機工業（株）　,13,東京都,荒川区,荒川１−５０−１１,,東京都荒川区荒川１−５０−１１,東京都荒川区荒川１−５０−１１,03-3801-8795,35.73345184326172,139.7845916748047,https://map.yahoo.co.jp/search?q=東京都荒川区荒川１−５０−１１
1,0,2000003584,,（有）電化のあまの,,（有）電化のあまの　,13,東京都,八王子市,大楽寺町４０３−１０,,東京都八王子市大楽寺町４０３−１０,東京都八王子市大楽寺町４０３−１０,042-626-1277,35.67361068725586,139.294189453125,https://map.yahoo.co.jp/search?q=東京都八王子市大楽寺町４０３−１０
1,0,2100000506,,（株）ヤマグチ,でんかのヤマグチ根岸店,（株）ヤマグチ　でんかのヤマグチ根岸店,13,東京都,町田市,根岸１−１３−５,,東京都町田市根岸１−１３−５,東京都町田市根岸１−１３−５,042-793-2278,35.57268524169922,139.41378784179688,https://map.yahoo.co.jp/search?q=東京都町田市根岸１−１３−５
1,0,2100001221,,イーエル商会,,イーエル商会　,13,東京都,港区,虎ノ門１−１６−６,虎ノ門ラポート１０２,東京都港区虎ノ門１−１６−６虎ノ門ラポート１０２,東京都港区虎ノ門１−１６−６,03-3591-5980,35.668487548828125,139.7488555908203,https://map.yahoo.co.jp/search?q=東京都港区虎ノ門１−１６−６
1,0,2100001257,,（株）今野商店,今野電機,（株）今野商店　今野電機,13,東京都,港区,赤坂７−１０−６,,東京都港区赤坂７−１０−６,東京都港区赤坂７−１０−６,03-3582-6216,35.669742584228516,139.73240661621094,https://map.yahoo.co.jp/search?q=東京都港区赤坂７−１０−６
1,0,2100001315,,小沢電気商会,,小沢電気商会　,13,東京都,墨田区,京島３−１０−１９,,東京都墨田区京島３−１０−１９,東京都墨田区京島３−１０−１９,03-3612-0341,35.71654510498047,139.82232666015625,https://map.yahoo.co.jp/search?q=東京都墨田区京島３−１０−１９
1,0,2100001448,,（有）旭電気商会,,（有）旭電気商会　,13,東京都,江戸川区,西小岩５−１４−１２,,東京都江戸川区西小岩５−１４−１２,東京都江戸川区西小岩５−１４−１２,03-3673-6331,35.73970031738281,139.88319396972656,https://map.yahoo.co.jp/search?q=東京都江戸川区西小岩５−１４−１２
1,0,2100001469,,（株）那須電機,,（株）那須電機　,13,東京都,江戸川区,中央１−２−２０,,東京都江戸川区中央１−２−２０,東京都江戸川区中央１−２−２０,03-3651-0981,35.70464324951172,139.86871337890625,https://map.yahoo.co.jp/search?q=東京都江戸川区中央１−２−２０
1,0,2100001484,,（有）ライフラインサービス,,（有）ライフラインサービス　,13,東京都,江戸川区,新堀２−３−１５,,東京都江戸川区新堀２−３−１５,東京都江戸川区新堀２−３−１５,03-3677-8011,35.704322814941406,139.88992309570312,https://map.yahoo.co.jp/search?q=東京都江戸川区新堀２−３−１５
1,0,2100001645,,いとう電気,,いとう電気　,13,東京都,葛飾区,堀切８−１６−１５,,東京都葛飾区堀切８−１６−１５,東京都葛飾区堀切８−１６−１５,03-3601-3340,35.75819396972656,139.83535766601562,https://map.yahoo.co.jp/search?q=東京都葛飾区堀切８−１６−１５
1,0,2100001773,,生活彩館　いちはら,,生活彩館　いちはら　,13,東京都,足立区,大谷田５−１３−１,,東京都足立区大谷田５−１３−１,東京都足立区大谷田５−１３−１,03-3620-3278,35.78218460083008,139.83949279785156,https://map.yahoo.co.jp/search?q=東京都足立区大谷田５−１３−１
1,0,2100001790,,（有）中田屋,営業部,（有）中田屋　営業部,13,東京都,足立区,西新井本町５−８−７,,東京都足立区西新井本町５−８−７,東京都足立区西新井本町５−８−７,03-3849-1601,35.774417877197266,139.78179931640625,https://map.yahoo.co.jp/search?q=東京都足立区西新井本町５−８−７
1,0,2100001939,,（有）まるやデンキ,,（有）まるやデンキ　,13,東京都,豊島区,池袋２−７２−１０,第二岸本ビル１Ｆ,東京都豊島区池袋２−７２−１０第二岸本ビル１Ｆ,東京都豊島区池袋２−７２−１０,03-3986-2918,35.73611831665039,139.70956420898438,https://map.yahoo.co.jp/search?q=東京都豊島区池袋２−７２−１０
1,0,2100001946,,（株）古賀無線電機商会,,（株）古賀無線電機商会　,13,東京都,豊島区,東池袋１−７−７,,東京都豊島区東池袋１−７−７,東京都豊島区東池袋１−７−７,03-3971-3191,35.73176956176758,139.7138671875,https://map.yahoo.co.jp/search?q=東京都豊島区東池袋１−７−７
1,0,2100001956,,（有）奈良電気商会,,（有）奈良電気商会　,13,東京都,豊島区,池袋本町４−３６−１２,,東京都豊島区池袋本町４−３６−１２,東京都豊島区池袋本町４−３６−１２,03-3971-9175,35.74459457397461,139.7140655517578,https://map.yahoo.co.jp/search?q=東京都豊島区池袋本町４−３６−１２
1,0,2100001964,,（株）巣鴨電器,,（株）巣鴨電器　,13,東京都,豊島区,南大塚１−３１−２０,白井ビル１Ｆ,東京都豊島区南大塚１−３１−２０白井ビル１Ｆ,東京都豊島区南大塚１−３１−２０,03-3946-7104,35.73129653930664,139.7359619140625,https://map.yahoo.co.jp/search?q=東京都豊島区南大塚１−３１−２０
1,0,2100002025,,（有）本橋電気,,（有）本橋電気　,13,東京都,板橋区,高島平５−３５−１０,,東京都板橋区高島平５−３５−１０,東京都板橋区高島平５−３５−１０,03-3939-2307,35.7869873046875,139.6480255126953,https://map.yahoo.co.jp/search?q=東京都板橋区高島平５−３５−１０
1,0,2100002064,,（有）ヤマト家庭電器サービス,ヤマト電器,（有）ヤマト家庭電器サービス　ヤマト電器,13,東京都,練馬区,桜台４−１４−１,,東京都練馬区桜台４−１４−１,東京都練馬区桜台４−１４−１,03-3948-7656,35.739173889160156,139.66021728515625,https://map.yahoo.co.jp/search?q=東京都練馬区桜台４−１４−１
1,0,2100002070,,（株）フジ電気商会,,（株）フジ電気商会　,13,東京都,練馬区,中村北３−２２−１１,,東京都練馬区中村北３−２２−１１,東京都練馬区中村北３−２２−１１,03-3998-4515,35.736141204833984,139.63885498046875,https://map.yahoo.co.jp/search?q=東京都練馬区中村北３−２２−１１
1,0,2100002073,,株式会社どりーむ館,,株式会社どりーむ館　,13,東京都,練馬区,貫井３−１４−８,,東京都練馬区貫井３−１４−８,東京都練馬区貫井３−１４−８,03-3999-7848,35.73675537109375,139.62893676757812,https://map.yahoo.co.jp/search?q=東京都練馬区貫井３−１４−８
1,0,2100002127,,（株）サテライト・ウェイブ,サテラ平和台,（株）サテライト・ウェイブ　サテラ平和台,13,東京都,練馬区,早宮２−１６−３２,,東京都練馬区早宮２−１６−３２,東京都練馬区早宮２−１６−３２,03-3559-2411,35.7568359375,139.65542602539062,https://map.yahoo.co.jp/search?q=東京都練馬区早宮２−１６−３２
1,0,2100002129,,（株）花園電気,,（株）花園電気　,13,東京都,練馬区,中村１−７−１４,,東京都練馬区中村１−７−１４,東京都練馬区中村１−７−１４,03-3999-6356,35.73196792602539,139.64808654785156,https://map.yahoo.co.jp/search?q=東京都練馬区中村１−７−１４
1,0,2100002145,,（有）マイコニック,,（有）マイコニック　,13,東京都,練馬区,上石神井４−１０−３３,,東京都練馬区上石神井４−１０−３３,東京都練馬区上石神井４−１０−３３,03-3928-1938,35.727474212646484,139.5900115966797,https://map.yahoo.co.jp/search?q=東京都練馬区上石神井４−１０−３３
1,0,2100002163,,佐藤電機（株）,商品管理課　家電部,佐藤電機（株）　商品管理課　家電部,13,東京都,北区,豊島１−３０−３,佐藤電機ビル１Ｆ倉庫,東京都北区豊島１−３０−３佐藤電機ビル１Ｆ倉庫,東京都北区豊島１−３０−３,03-3911-8161,35.75674057006836,139.74093627929688,https://map.yahoo.co.jp/search?q=東京都北区豊島１−３０−３
1,0,2100002170,,（有）フタバ,フタバデンキショップ山田,（有）フタバ　フタバデンキショップ山田,13,東京都,北区,西ケ原３−５７−９,,東京都北区西ケ原３−５７−９,東京都北区西ケ原３−５７−９,03-3910-1785,35.74350357055664,139.7382354736328,https://map.yahoo.co.jp/search?q=東京都北区西ケ原３−５７−９
1,0,2100002171,,（株）フクダヤ,,（株）フクダヤ　,13,東京都,北区,滝野川６−４５−２,,東京都北区滝野川６−４５−２,東京都北区滝野川６−４５−２,03-3916-0325,35.74633026123047,139.72476196289062,https://map.yahoo.co.jp/search?q=東京都北区滝野川６−４５−２
1,0,2100002217,,（有）田中無線,,（有）田中無線　,13,東京都,品川区,西品川２−２３−１３,,東京都品川区西品川２−２３−１３,東京都品川区西品川２−２３−１３,03-3491-2826,35.61216735839844,139.72476196289062,https://map.yahoo.co.jp/search?q=東京都品川区西品川２−２３−１３
1,0,2100002219,,（有）小沢電機商会,,（有）小沢電機商会　,13,東京都,品川区,大崎１−２０−１６,小林ビル１０１,東京都品川区大崎１−２０−１６小林ビル１０１,東京都品川区大崎１−２０−１６,03-3491-2374,35.61819839477539,139.73095703125,https://map.yahoo.co.jp/search?q=東京都品川区大崎１−２０−１６
1,0,2100002341,,（株）優工社,でんきのユーコー社,（株）優工社　でんきのユーコー社,13,東京都,大田区,蒲田２−６−４,,東京都大田区蒲田２−６−４,東京都大田区蒲田２−６−４,03-3732-1616,35.56748580932617,139.72706604003906,https://map.yahoo.co.jp/search?q=東京都大田区蒲田２−６−４
1,0,2100002395,,関戸電気商会,,関戸電気商会　,13,東京都,目黒区,東山３−１４−１,,東京都目黒区東山３−１４−１,東京都目黒区東山３−１４−１,03-3713-1957,35.65031814575195,139.68521118164062,https://map.yahoo.co.jp/search?q=東京都目黒区東山３−１４−１
1,0,2100002416,,（株）星野電機商会,,（株）星野電機商会　,13,東京都,目黒区,目黒４−１２−３,,東京都目黒区目黒４−１２−３,東京都目黒区目黒４−１２−３,03-3711-3873,35.6312370300293,139.70286560058594,https://map.yahoo.co.jp/search?q=東京都目黒区目黒４−１２−３
1,0,2100002440,,スズキデンキ,,スズキデンキ　,13,東京都,目黒区,原町２−９−８,,東京都目黒区原町２−９−８,東京都目黒区原町２−９−８,03-3713-8234,35.615943908691406,139.69158935546875,https://map.yahoo.co.jp/search?q=東京都目黒区原町２−９−８
1,0,2100002583,,（有）ソノベ電機商会,,（有）ソノベ電機商会　,13,東京都,練馬区,豊玉北３−６−３,桜台フラワーホーム１１２,東京都練馬区豊玉北３−６−３桜台フラワーホーム１１２,東京都練馬区豊玉北３−６−３,03-3992-0025,35.732276916503906,139.66287231445312,https://map.yahoo.co.jp/search?q=東京都練馬区豊玉北３−６−３
1,0,2100002612,,（有）セキネデンキ,,（有）セキネデンキ　,13,東京都,世田谷区,中町４−８−５,,東京都世田谷区中町４−８−５,東京都世田谷区中町４−８−５,03-3701-5543,35.61906051635742,139.6424102783203,https://map.yahoo.co.jp/search?q=東京都世田谷区中町４−８−５
1,0,2100002657,,矢崎電機（株）,,矢崎電機（株）　,13,東京都,渋谷区,代々木１−１３−９,アン黒岩１０１,東京都渋谷区代々木１−１３−９アン黒岩１０１,東京都渋谷区代々木１−１３−９,03-3375-1486,35.682193756103516,139.69981384277344,https://map.yahoo.co.jp/search?q=東京都渋谷区代々木１−１３−９
1,0,2100002664,,（株）リビングニホンドウ,,（株）リビングニホンドウ　,13,東京都,渋谷区,南平台町３−１５,,東京都渋谷区南平台町３−１５,東京都渋谷区南平台町３−１５,03-3461-8269,35.65547561645508,139.69692993164062,https://map.yahoo.co.jp/search?q=東京都渋谷区南平台町３−１５
1,0,2100002710,,（有）佐藤電気商会,,（有）佐藤電気商会　,13,東京都,新宿区,高田馬場３−１３−１,,東京都新宿区高田馬場３−１３−１,東京都新宿区高田馬場３−１３−１,03-3367-0310,35.712520599365234,139.69992065429688,https://map.yahoo.co.jp/search?q=東京都新宿区高田馬場３−１３−１
1,0,2100002818,,（有）三光社,,（有）三光社　,13,東京都,三鷹市,下連雀３−３２−１９,コスモ三鷹中央通り１０２号,東京都三鷹市下連雀３−３２−１９コスモ三鷹中央通り１０２号,東京都三鷹市下連雀３−３２−１９,0422-44-1503,35.6992073059082,139.56088256835938,https://map.yahoo.co.jp/search?q=東京都三鷹市下連雀３−３２−１９
1,0,2100002848,,（有）アタックマルオデンキ,,（有）アタックマルオデンキ　,13,東京都,調布市,国領町７−３５−８,,東京都調布市国領町７−３５−８,東京都調布市国領町７−３５−８,042-484-1354,35.643775939941406,139.5604248046875,https://map.yahoo.co.jp/search?q=東京都調布市国領町７−３５−８
1,0,2100002856,,（株）熊谷電機,,（株）熊谷電機　,13,東京都,府中市,美好町１−２５−１１,,東京都府中市美好町１−２５−１１,東京都府中市美好町１−２５−１１,042-362-5026,35.67188262939453,139.46971130371094,https://map.yahoo.co.jp/search?q=東京都府中市美好町１−２５−１１
1,0,2100002877,,（株）ダイヤモンド無線,,（株）ダイヤモンド無線　,13,東京都,府中市,緑町３−８−９,,東京都府中市緑町３−８−９,東京都府中市緑町３−８−９,042-361-6078,35.67067337036133,139.49423217773438,https://map.yahoo.co.jp/search?q=東京都府中市緑町３−８−９
1,0,2100002938,,パナピットヤマカワ,,パナピットヤマカワ　,13,東京都,立川市,一番町２−３６−１５,,東京都立川市一番町２−３６−１５,東京都立川市一番町２−３６−１５,042-531-5174,35.72791290283203,139.3744354248047,https://map.yahoo.co.jp/search?q=東京都立川市一番町２−３６−１５
1,0,2100002943,,（有）ナカジマ電機,,（有）ナカジマ電機　,13,東京都,東大和市,芋窪４−１７４４−８,,東京都東大和市芋窪４−１７４４−８,東京都東大和市芋窪４−１７４４−８,042-565-8470,35.75482177734375,139.41201782226562,https://map.yahoo.co.jp/search?q=東京都東大和市芋窪４−１７４４−８
1,0,2100002968,,株式会社イトウ,ライフテクト　イトウ,株式会社イトウ　ライフテクト　イトウ,13,東京都,八王子市,中野町２７２８−１７,,東京都八王子市中野町２７２８−１７,東京都八王子市中野町２７２８−１７,042-624-7568,35.67931365966797,139.316650390625,https://map.yahoo.co.jp/search?q=東京都八王子市中野町２７２８−１７
1,0,2100002984,,株式会社こやまでんき,パナピットこやまでんき,株式会社こやまでんき　パナピットこやまでんき,13,東京都,八王子市,長房町３３５−４,,東京都八王子市長房町３３５−４,東京都八王子市長房町３３５−４,042-664-4196,35.65851974487305,139.29937744140625,https://map.yahoo.co.jp/search?q=東京都八王子市長房町３３５−４
1,0,2100003044,,生活彩館フジデン,,生活彩館フジデン　,13,東京都,羽村市,川崎２−１−２６,,東京都羽村市川崎２−１−２６,東京都羽村市川崎２−１−２６,042-555-2702,35.75377655029297,139.3191680908203,https://map.yahoo.co.jp/search?q=東京都羽村市川崎２−１−２６
1,0,2100003051,,（株）ミナミ電気,五日市店,（株）ミナミ電気　五日市店,13,東京都,あきる野市,五日市２０,,東京都あきる野市五日市２０,東京都あきる野市五日市２０,042-596-1326,35.72844314575195,139.22225952148438,https://map.yahoo.co.jp/search?q=東京都あきる野市五日市２０
1,0,2100003093,,（有）ツヅキ電気商会,パナピットツヅキ,（有）ツヅキ電気商会　パナピットツヅキ,13,東京都,東村山市,栄町３−１６−２６,,東京都東村山市栄町３−１６−２６,東京都東村山市栄町３−１６−２６,042-391-0237,35.74557113647461,139.46751403808594,https://map.yahoo.co.jp/search?q=東京都東村山市栄町３−１６−２６
1,0,2100003191,,パナピット　さこう,,パナピット　さこう　,13,東京都,日野市,日野７７７３−５７１,,東京都日野市日野７７７３−５７１,東京都日野市日野７７７３−５７１,042-584-5033,35.6807746887207,139.41192626953125,https://map.yahoo.co.jp/search?q=東京都日野市日野７７７３−５７１
1,0,2100003200,,（有）石井電機,,（有）石井電機　,13,東京都,日野市,高幡６６６,,東京都日野市高幡６６６,東京都日野市高幡６６６,042-591-0367,35.66368865966797,139.40786743164062,https://map.yahoo.co.jp/search?q=東京都日野市高幡６６６
1,0,2100003220,,（株）大久保無線電機,,（株）大久保無線電機　,13,東京都,清瀬市,松山２−１４−１８,,東京都清瀬市松山２−１４−１８,東京都清瀬市松山２−１４−１８,042-491-0139,35.77301025390625,139.51324462890625,https://map.yahoo.co.jp/search?q=東京都清瀬市松山２−１４−１８
1,0,2100003271,,（株）ヤスダ電器,でんきのヤスダ,（株）ヤスダ電器　でんきのヤスダ,13,東京都,八王子市,初沢町１２２７−４,高尾パークハイツＡ１０６号,東京都八王子市初沢町１２２７−４高尾パークハイツＡ１０６号,東京都八王子市初沢町１２２７−４,042-665-6258,35.64236831665039,139.28501892089844,https://map.yahoo.co.jp/search?q=東京都八王子市初沢町１２２７−４
1,0,2200003147,,（有）立川電気,,（有）立川電気　,13,東京都,墨田区,京島１−２７−５,,東京都墨田区京島１−２７−５,東京都墨田区京島１−２７−５,03-3611-3511,35.716163635253906,139.81961059570312,https://map.yahoo.co.jp/search?q=東京都墨田区京島１−２７−５
1,0,2200003180,,（株）金子電気,,（株）金子電気　,13,東京都,北区,西ケ原１−３−７,,東京都北区西ケ原１−３−７,東京都北区西ケ原１−３−７,03-3910-0660,35.74043655395508,139.7473907470703,https://map.yahoo.co.jp/search?q=東京都北区西ケ原１−３−７
1,0,2200003218,,（株）内田電気,府中車返団地店,（株）内田電気　府中車返団地店,13,東京都,府中市,白糸台５−２５−１,車返団地２−１５−１０５,東京都府中市白糸台５−２５−１車返団地２−１５−１０５,東京都府中市白糸台５−２５−１,042-367-0081,35.66152572631836,139.51150512695312,https://map.yahoo.co.jp/search?q=東京都府中市白糸台５−２５−１
1,0,2200003251,,（株）アサヒソニック,,（株）アサヒソニック　,13,東京都,中野区,南台２−２９−２,,東京都中野区南台２−２９−２,東京都中野区南台２−２９−２,03-3381-1566,35.68350601196289,139.6695556640625,https://map.yahoo.co.jp/search?q=東京都中野区南台２−２９−２
1,0,2200003259,,（株）ミタカ電器,,（株）ミタカ電器　,13,東京都,武蔵野市,西久保２−２２−３,,東京都武蔵野市西久保２−２２−３,東京都武蔵野市西久保２−２２−３,0422-51-1504,35.70924758911133,139.55662536621094,https://map.yahoo.co.jp/search?q=東京都武蔵野市西久保２−２２−３
1,0,2200003557,,（有）ミナトライトクラノ,,（有）ミナトライトクラノ　,13,東京都,港区,芝５−１２−４,セントラル三田ハイツ１０４,東京都港区芝５−１２−４セントラル三田ハイツ１０４,東京都港区芝５−１２−４,03-3451-8709,35.64925003051758,139.74549865722656,https://map.yahoo.co.jp/search?q=東京都港区芝５−１２−４
1,0,2200003655,,加藤電気,,加藤電気　,13,東京都,目黒区,下目黒３−１９−９−１０１,,東京都目黒区下目黒３−１９−９−１０１,東京都目黒区下目黒３−１９−９−１０１,03-6303-1842,35.62763977050781,139.7098846435547,https://map.yahoo.co.jp/search?q=東京都目黒区下目黒３−１９−９−１０１
1,0,2200003749,,生活彩館ニシムラ,ニシムラデンキ,生活彩館ニシムラ　ニシムラデンキ,13,東京都,多摩市,馬引沢２−１２−７,カズヤハイツ１Ｆ,東京都多摩市馬引沢２−１２−７カズヤハイツ１Ｆ,東京都多摩市馬引沢２−１２−７,042-374-5149,35.630889892578125,139.45457458496094,https://map.yahoo.co.jp/search?q=東京都多摩市馬引沢２−１２−７
1,0,2200003770,,（有）かわむらでんき,,（有）かわむらでんき　,13,東京都,葛飾区,東金町４−３０−７,,東京都葛飾区東金町４−３０−７,東京都葛飾区東金町４−３０−７,03-3627-2811,35.77687072753906,139.8770751953125,https://map.yahoo.co.jp/search?q=東京都葛飾区東金町４−３０−７
1,0,2200003807,,（有）山根電機商会,新やまね電気設備,（有）山根電機商会　新やまね電気設備,13,東京都,足立区,小台２−２５−１４,,東京都足立区小台２−２５−１４,東京都足立区小台２−２５−１４,03-3919-3325,35.75836944580078,139.75816345214844,https://map.yahoo.co.jp/search?q=東京都足立区小台２−２５−１４
1,0,2200003900,,大島テレビ商会,,大島テレビ商会　,13,東京都,江東区,大島３−２７−２７,,東京都江東区大島３−２７−２７,東京都江東区大島３−２７−２７,03-3683-3954,35.690799713134766,139.8310546875,https://map.yahoo.co.jp/search?q=東京都江東区大島３−２７−２７
1,0,2200003955,,あんしん電気,,あんしん電気　,13,東京都,中央区,日本橋人形町２−１４−２,,東京都中央区日本橋人形町２−１４−２,東京都中央区日本橋人形町２−１４−２,03-3666-5986,35.68437957763672,139.7847900390625,https://map.yahoo.co.jp/search?q=東京都中央区日本橋人形町２−１４−２
1,0,2200004090,,（株）シグマ,シグマ代田,（株）シグマ　シグマ代田,13,東京都,世田谷区,代田１−３４−１５,舘コーポ１Ｆ,東京都世田谷区代田１−３４−１５舘コーポ１Ｆ,東京都世田谷区代田１−３４−１５,03-3412-4572,35.653934478759766,139.6632080078125,https://map.yahoo.co.jp/search?q=東京都世田谷区代田１−３４−１５
1,0,2200004114,,（有）芳康商事,くらしテック　ミヨシヤ久我山店,（有）芳康商事　くらしテック　ミヨシヤ久我山店,13,東京都,杉並区,久我山３−２２−１４,,東京都杉並区久我山３−２２−１４,東京都杉並区久我山３−２２−１４,03-3331-3448,35.686065673828125,139.59934997558594,https://map.yahoo.co.jp/search?q=東京都杉並区久我山３−２２−１４
1,0,2200004219,,（有）ヤマザキ電化　梅屋敷店,,（有）ヤマザキ電化　梅屋敷店　,13,東京都,大田区,大森中２−３−１１,,東京都大田区大森中２−３−１１,東京都大田区大森中２−３−１１,03-3765-5555,35.567256927490234,139.73097229003906,https://map.yahoo.co.jp/search?q=東京都大田区大森中２−３−１１
1,0,2200004279,,山田電化ハウス（株）,,山田電化ハウス（株）　,13,東京都,足立区,西新井栄町３−７−３,,東京都足立区西新井栄町３−７−３,東京都足立区西新井栄町３−７−３,03-3887-2247,35.776466369628906,139.78192138671875,https://map.yahoo.co.jp/search?q=東京都足立区西新井栄町３−７−３
1,0,2200004329,,（株）今井,,（株）今井　,13,東京都,荒川区,西尾久２−３５−７,,東京都荒川区西尾久２−３５−７,東京都荒川区西尾久２−３５−７,03-3893-7749,35.7494010925293,139.76229858398438,https://map.yahoo.co.jp/search?q=東京都荒川区西尾久２−３５−７
1,0,2200004338,,サトウデンキ,,サトウデンキ　,13,東京都,調布市,仙川町１−１６−１２,,東京都調布市仙川町１−１６−１２,東京都調布市仙川町１−１６−１２,03-3300-5016,35.660221099853516,139.58570861816406,https://map.yahoo.co.jp/search?q=東京都調布市仙川町１−１６−１２
1,0,4100000077,,（株）アイリスプラザ　ダイユニカンパニー,ユニハードウェア大谷田店,（株）アイリスプラザ　ダイユニカンパニー　ユニハードウェア大谷田店,13,東京都,足立区,大谷田５−３１,,東京都足立区大谷田５−３１,東京都足立区大谷田５−３１,03-5697-2155,35.7836799621582,139.83792114257812,https://map.yahoo.co.jp/search?q=東京都足立区大谷田５−３１
1,0,4100000358,,コジマ×ビックカメラ　イオン昭島ショッピングセンター店,２階レジカウンター（電話機、カメラ、ＰＣ、掃除機、充電池）,コジマ×ビックカメラ　イオン昭島ショッピングセンター店　２階レジカウンター（電話機、カメラ、ＰＣ、掃除機、充電池）,13,東京都,昭島市,宮沢町５００−１,イオン昭島ショッピングセンター２Ｆ,東京都昭島市宮沢町５００−１イオン昭島ショッピングセンター２Ｆ,東京都昭島市宮沢町５００−１,042-545-2005,35.71649169921875,139.3739471435547,https://map.yahoo.co.jp/search?q=東京都昭島市宮沢町５００−１
1,0,4100000359,,コジマ×ビックカメラ上板橋店,２階レジカウンター,コジマ×ビックカメラ上板橋店　２階レジカウンター,13,東京都,板橋区,上板橋３−１４−２０,,東京都板橋区上板橋３−１４−２０,東京都板橋区上板橋３−１４−２０,03-5399-2271,35.76539611816406,139.67446899414062,https://map.yahoo.co.jp/search?q=東京都板橋区上板橋３−１４−２０
1,0,4100000362,,コジマ×ビックカメラ小平店,１階サポートカウンター,コジマ×ビックカメラ小平店　１階サポートカウンター,13,東京都,小平市,小川東町１−５−１８,,東京都小平市小川東町１−５−１８,東京都小平市小川東町１−５−１８,042-346-0111,35.73213195800781,139.46507263183594,https://map.yahoo.co.jp/search?q=東京都小平市小川東町１−５−１８
1,0,4100000364,,コジマ×ビックカメラ高島平店,２階レジカウンター、４階レジカウンター,コジマ×ビックカメラ高島平店　２階レジカウンター、４階レジカウンター,13,東京都,板橋区,徳丸７−２５−８,,東京都板橋区徳丸７−２５−８,東京都板橋区徳丸７−２５−８,03-5399-8051,35.78167724609375,139.66311645507812,https://map.yahoo.co.jp/search?q=東京都板橋区徳丸７−２５−８
1,0,4100000366,,コジマ×ビックカメラ豊玉店,２階レジカウンター、３階レジカウンター,コジマ×ビックカメラ豊玉店　２階レジカウンター、３階レジカウンター,13,東京都,練馬区,豊玉中２−２８−１０,,東京都練馬区豊玉中２−２８−１０,東京都練馬区豊玉中２−２８−１０,03-5999-5520,35.73015594482422,139.6574249267578,https://map.yahoo.co.jp/search?q=東京都練馬区豊玉中２−２８−１０
1,0,4100000368,,コジマ×ビックカメラ江戸川店,２階レジカウンター、３階レジカウンター,コジマ×ビックカメラ江戸川店　２階レジカウンター、３階レジカウンター,13,東京都,江戸川区,中央１−８−４,,東京都江戸川区中央１−８−４,東京都江戸川区中央１−８−４,03-5607-7555,35.70942306518555,139.86856079101562,https://map.yahoo.co.jp/search?q=東京都江戸川区中央１−８−４
1,0,4100000370,,コジマ×ビックカメラ東大和店,２階レジカウンター、２階サービスカウンター、３階レジカウンター,コジマ×ビックカメラ東大和店　２階レジカウンター、２階サービスカウンター、３階レジカウンター,13,東京都,東大和市,高木３−３７８−３,,東京都東大和市高木３−３７８−３,東京都東大和市高木３−３７８−３,042-562-6711,35.74759292602539,139.4344024658203,https://map.yahoo.co.jp/search?q=東京都東大和市高木３−３７８−３
1,0,4100000371,,コジマ×ビックカメラ井草店,２階レジカウンター、３階レジカウンター,コジマ×ビックカメラ井草店　２階レジカウンター、３階レジカウンター,13,東京都,杉並区,井草３−１７−１０,,東京都杉並区井草３−１７−１０,東京都杉並区井草３−１７−１０,03-3301-6971,35.72779083251953,139.6138458251953,https://map.yahoo.co.jp/search?q=東京都杉並区井草３−１７−１０
1,0,4100000372,,コジマ×ビックカメラ用賀店,１階レジカウンター,コジマ×ビックカメラ用賀店　１階レジカウンター,13,東京都,世田谷区,用賀２−２０−１２,,東京都世田谷区用賀２−２０−１２,東京都世田谷区用賀２−２０−１２,03-5491-2611,35.62586975097656,139.63685607910156,https://map.yahoo.co.jp/search?q=東京都世田谷区用賀２−２０−１２
1,0,4100000446,,（株）ヤマダデンキ,テックランドＮｅｗ八王子別所店,（株）ヤマダデンキ　テックランドＮｅｗ八王子別所店,13,東京都,八王子市,別所２−５６,（ぐりーんうぉーく多摩内）,東京都八王子市別所２−５６（ぐりーんうぉーく多摩内）,東京都八王子市別所２−５６,042-678-7080,35.611900329589844,139.39599609375,https://map.yahoo.co.jp/search?q=東京都八王子市別所２−５６
1,0,4100000499,,（株）エディオン,ＡＫＩＢＡ,（株）エディオン　ＡＫＩＢＡ,13,東京都,千代田区,外神田１−２−９,,東京都千代田区外神田１−２−９,東京都千代田区外神田１−２−９,03-3257-1100,35.69809341430664,139.7710418701172,https://map.yahoo.co.jp/search?q=東京都千代田区外神田１−２−９
1,0,4100001077,,（株）ヤマダデンキ,マツヤデンキ　テックランド羽村店,（株）ヤマダデンキ　マツヤデンキ　テックランド羽村店,13,東京都,羽村市,栄町１−１２−７,,東京都羽村市栄町１−１２−７,東京都羽村市栄町１−１２−７,042-579-1211,35.773433685302734,139.30770874023438,https://map.yahoo.co.jp/search?q=東京都羽村市栄町１−１２−７
1,0,4100001278,,コジマ×ビックカメラ善福寺店,２階レジカウンター,コジマ×ビックカメラ善福寺店　２階レジカウンター,13,東京都,杉並区,善福寺１−３４−２４,サミットストア善福寺店２Ｆ,東京都杉並区善福寺１−３４−２４サミットストア善福寺店２Ｆ,東京都杉並区善福寺１−３４−２４,03-5310-3500,35.71622848510742,139.59718322753906,https://map.yahoo.co.jp/search?q=東京都杉並区善福寺１−３４−２４
1,0,4100001361,,コジマ×ビックカメラ若林店,１階レジ（電話、ＡＶ、ＰＣ、カメラ、おもちゃ）Ｂ１階レジ（電池、家電）,コジマ×ビックカメラ若林店　１階レジ（電話、ＡＶ、ＰＣ、カメラ、おもちゃ）Ｂ１階レジ（電池、家電）,13,東京都,世田谷区,若林５−４１−２０,,東京都世田谷区若林５−４１−２０,東京都世田谷区若林５−４１−２０,03-5779-3600,35.650726318359375,139.66021728515625,https://map.yahoo.co.jp/search?q=東京都世田谷区若林５−４１−２０
1,0,4100001362,,コジマ×ビックカメラ志村店,持帰レジカウンター、サービスカウンター,コジマ×ビックカメラ志村店　持帰レジカウンター、サービスカウンター,13,東京都,板橋区,志村３−２６−４,,東京都板橋区志村３−２６−４,東京都板橋区志村３−２６−４,03-5916-1311,35.77827835083008,139.6864013671875,https://map.yahoo.co.jp/search?q=東京都板橋区志村３−２６−４
1,0,4100001364,,コジマ×ビックカメラ足立加平店,２階レジカウンター、３階レジカウンター,コジマ×ビックカメラ足立加平店　２階レジカウンター、３階レジカウンター,13,東京都,足立区,加平３−１−１５,,東京都足立区加平３−１−１５,東京都足立区加平３−１−１５,03-5682-1115,35.777862548828125,139.8289794921875,https://map.yahoo.co.jp/search?q=東京都足立区加平３−１−１５
1,0,4100001366,,コジマ×ビックカメラ新小岩店,２階レジカウンター,コジマ×ビックカメラ新小岩店　２階レジカウンター,13,東京都,葛飾区,東新小岩２−１８−２,,東京都葛飾区東新小岩２−１８−２,東京都葛飾区東新小岩２−１８−２,03-5672-0811,35.72600173950195,139.8671112060547,https://map.yahoo.co.jp/search?q=東京都葛飾区東新小岩２−１８−２
1,0,4100001367,,コジマ×ビックカメラ三鷹店,２階レジ（電話機、掃除機、家電、ビジュアル、ＰＣ）、配送承りカウンター,コジマ×ビックカメラ三鷹店　２階レジ（電話機、掃除機、家電、ビジュアル、ＰＣ）、配送承りカウンター,13,東京都,三鷹市,野崎１−３−１０,三鷹市役所前　サミット２Ｆ,東京都三鷹市野崎１−３−１０三鷹市役所前　サミット２Ｆ,東京都三鷹市野崎１−３−１０,0422-79-6600,35.683563232421875,139.55825805664062,https://map.yahoo.co.jp/search?q=東京都三鷹市野崎１−３−１０
1,0,4100001368,,コジマ×ビックカメラ池上店,２階レジカウンター（電話機、カメラ、ＰＣ）、３階レジカウンター（電池、家電）,コジマ×ビックカメラ池上店　２階レジカウンター（電話機、カメラ、ＰＣ）、３階レジカウンター（電池、家電）,13,東京都,大田区,池上３−２−１,,東京都大田区池上３−２−１,東京都大田区池上３−２−１,03-5747-5511,35.57786178588867,139.70021057128906,https://map.yahoo.co.jp/search?q=東京都大田区池上３−２−１
1,0,4100001369,,コジマ×ビックカメラ葛飾店,２階レジカウンター,コジマ×ビックカメラ葛飾店　２階レジカウンター,13,東京都,葛飾区,立石４−１０−１,サミットストア葛飾区役所前店２Ｆ,東京都葛飾区立石４−１０−１サミットストア葛飾区役所前店２Ｆ,東京都葛飾区立石４−１０−１,03-5672-3855,35.7419319152832,139.84597778320312,https://map.yahoo.co.jp/search?q=東京都葛飾区立石４−１０−１
1,0,4100001489,,（株）ヤマダデンキ,テックランド練馬本店,（株）ヤマダデンキ　テックランド練馬本店,13,東京都,練馬区,南田中３−３０−５,,東京都練馬区南田中３−３０−５,東京都練馬区南田中３−３０−５,03-5910-7688,35.73764419555664,139.6151580810547,https://map.yahoo.co.jp/search?q=東京都練馬区南田中３−３０−５
1,0,4100001491,,（株）ヤマダデンキ,テックランド大泉学園店ＰＣ館,（株）ヤマダデンキ　テックランド大泉学園店ＰＣ館,13,東京都,練馬区,大泉学園町４−２７−２１,,東京都練馬区大泉学園町４−２７−２１,東京都練馬区大泉学園町４−２７−２１,03-5935-0685,35.76829147338867,139.58721923828125,https://map.yahoo.co.jp/search?q=東京都練馬区大泉学園町４−２７−２１
1,0,4100001492,,（株）ヤマダデンキ,ＹＡＭＡＤＡ　Ｎｅｗ　ｗｅｂ．ｃｏｍ府中店,（株）ヤマダデンキ　ＹＡＭＡＤＡ　Ｎｅｗ　ｗｅｂ．ｃｏｍ府中店,13,東京都,府中市,西原町１−３−１,,東京都府中市西原町１−３−１,東京都府中市西原町１−３−１,042-360-9333,35.6808967590332,139.45982360839844,https://map.yahoo.co.jp/search?q=東京都府中市西原町１−３−１
1,0,4100001493,,（株）ヤマダデンキ,ＬＡＢＩ　自由が丘,（株）ヤマダデンキ　ＬＡＢＩ　自由が丘,13,東京都,目黒区,緑が丘２−１７−９,,東京都目黒区緑が丘２−１７−９,東京都目黒区緑が丘２−１７−９,03-5731-7255,35.60862350463867,139.6728515625,https://map.yahoo.co.jp/search?q=東京都目黒区緑が丘２−１７−９
1,0,4100001494,,（株）ヤマダデンキ,テックランド足立店,（株）ヤマダデンキ　テックランド足立店,13,東京都,足立区,平野２−１−５,,東京都足立区平野２−１−５,東京都足立区平野２−１−５,03-5831-2880,35.782249450683594,139.8031768798828,https://map.yahoo.co.jp/search?q=東京都足立区平野２−１−５
1,0,4100001625,,（株）ヤマダデンキ,テックランド東京本店,（株）ヤマダデンキ　テックランド東京本店,13,東京都,世田谷区,上北沢５−３７−１８,,東京都世田谷区上北沢５−３７−１８,東京都世田谷区上北沢５−３７−１８,03-5316-7070,35.674339294433594,139.6138153076172,https://map.yahoo.co.jp/search?q=東京都世田谷区上北沢５−３７−１８
1,0,4100001658,,（株）ヤマダデンキ,テックランド江戸川店,（株）ヤマダデンキ　テックランド江戸川店,13,東京都,江戸川区,松江２−２９−７,,東京都江戸川区松江２−２９−７,東京都江戸川区松江２−２９−７,03-5661-3011,35.701900482177734,139.87350463867188,https://map.yahoo.co.jp/search?q=東京都江戸川区松江２−２９−７
1,0,4100001686,,（株）ミスターマックス,町田多摩境店,（株）ミスターマックス　町田多摩境店,13,東京都,町田市,小山ケ丘６−１−１０,,東京都町田市小山ケ丘６−１−１０,東京都町田市小山ケ丘６−１−１０,042-775-2311,35.607173919677734,139.34788513183594,https://map.yahoo.co.jp/search?q=東京都町田市小山ケ丘６−１−１０
1,0,4100001690,,（株）山崎商会,マツヤデンキ　学芸大学店,（株）山崎商会　マツヤデンキ　学芸大学店,13,東京都,目黒区,鷹番２−２１−１１,,東京都目黒区鷹番２−２１−１１,東京都目黒区鷹番２−２１−１１,03-3792-8431,35.629974365234375,139.68630981445312,https://map.yahoo.co.jp/search?q=東京都目黒区鷹番２−２１−１１
1,0,4100001705,,コジマ×ビックカメラ東村山店,２階電話機売場、レジ（生活家電、カメラ、ＡＶ、携帯、ＰＣ、おもちゃ）,コジマ×ビックカメラ東村山店　２階電話機売場、レジ（生活家電、カメラ、ＡＶ、携帯、ＰＣ、おもちゃ）,13,東京都,東村山市,恩多町５−４７−５,ヨークマート東村山店２Ｆ,東京都東村山市恩多町５−４７−５ヨークマート東村山店２Ｆ,東京都東村山市恩多町５−４７−５,042-390-2111,35.75716018676758,139.4861602783203,https://map.yahoo.co.jp/search?q=東京都東村山市恩多町５−４７−５
1,0,4100001722,,コジマ×ビックカメラ江北駅前店,２階レジカウンター、電話機用充電池売場,コジマ×ビックカメラ江北駅前店　２階レジカウンター、電話機用充電池売場,13,東京都,足立区,西新井本町２−３１−２０,,東京都足立区西新井本町２−３１−２０,東京都足立区西新井本町２−３１−２０,03-5838-1866,35.774818420410156,139.770751953125,https://map.yahoo.co.jp/search?q=東京都足立区西新井本町２−３１−２０
1,0,4100001728,,コジマ×ビックカメラ南砂町ＳＵＮＡＭＯ店,２階レジカウンター,コジマ×ビックカメラ南砂町ＳＵＮＡＭＯ店　２階レジカウンター,13,東京都,江東区,新砂３−４−３１,,東京都江東区新砂３−４−３１,東京都江東区新砂３−４−３１,03-5665-7313,35.66548538208008,139.83448791503906,https://map.yahoo.co.jp/search?q=東京都江東区新砂３−４−３１
1,0,4100001730,,（株）ヤマダデンキ,ＬＡＢＩ渋谷,（株）ヤマダデンキ　ＬＡＢＩ渋谷,13,東京都,渋谷区,道玄坂２−２９−２０,,東京都渋谷区道玄坂２−２９−２０,東京都渋谷区道玄坂２−２９−２０,03-5456-6300,35.65996170043945,139.69818115234375,https://map.yahoo.co.jp/search?q=東京都渋谷区道玄坂２−２９−２０
1,0,4100001772,,（株）ヤマダデンキ,テックランド大泉学園店家電館,（株）ヤマダデンキ　テックランド大泉学園店家電館,13,東京都,練馬区,大泉学園町６−１−１,,東京都練馬区大泉学園町６−１−１,東京都練馬区大泉学園町６−１−１,03-5387-5811,35.76850128173828,139.5869598388672,https://map.yahoo.co.jp/search?q=東京都練馬区大泉学園町６−１−１
1,0,4100001775,,（株）ヤマダデンキ,ＬＡＢＩ　ＬＩＦＥ　ＳＥＬＥＣＴ　品川大井町店,（株）ヤマダデンキ　ＬＡＢＩ　ＬＩＦＥ　ＳＥＬＥＣＴ　品川大井町店,13,東京都,品川区,東大井５−２０−１,,東京都品川区東大井５−２０−１,東京都品川区東大井５−２０−１,03-5479-7600,35.605926513671875,139.73512268066406,https://map.yahoo.co.jp/search?q=東京都品川区東大井５−２０−１
1,0,4100001778,,（株）ヤマダデンキ,ＹＡＭＡＤＡｗｅｂ．ｃｏｍ武蔵村山店,（株）ヤマダデンキ　ＹＡＭＡＤＡｗｅｂ．ｃｏｍ武蔵村山店,13,東京都,武蔵村山市,三ツ藤１−８４,,東京都武蔵村山市三ツ藤１−８４,東京都武蔵村山市三ツ藤１−８４,042-569-1512,35.747581481933594,139.38214111328125,https://map.yahoo.co.jp/search?q=東京都武蔵村山市三ツ藤１−８４
1,0,4100001779,,（株）ヤマダデンキ,テックランド平和台駅前店,（株）ヤマダデンキ　テックランド平和台駅前店,13,東京都,練馬区,北町６−３２−５,,東京都練馬区北町６−３２−５,東京都練馬区北町６−３２−５,03-5920-0235,35.75796890258789,139.65235900878906,https://map.yahoo.co.jp/search?q=東京都練馬区北町６−３２−５
1,0,4100001783,,（株）ヤマダデンキ,ＬＡＢＩ吉祥寺,（株）ヤマダデンキ　ＬＡＢＩ吉祥寺,13,東京都,武蔵野市,吉祥寺南町２−３−１３,,東京都武蔵野市吉祥寺南町２−３−１３,東京都武蔵野市吉祥寺南町２−３−１３,0422-70-3851,35.70243835449219,139.58065795898438,https://map.yahoo.co.jp/search?q=東京都武蔵野市吉祥寺南町２−３−１３
1,0,4100001786,,（株）ヤマダデンキ,ヤマダアウトレット南砂店,（株）ヤマダデンキ　ヤマダアウトレット南砂店,13,東京都,江東区,南砂２−３２−１,,東京都江東区南砂２−３２−１,東京都江東区南砂２−３２−１,03-6458-4891,35.6751823425293,139.8254852294922,https://map.yahoo.co.jp/search?q=東京都江東区南砂２−３２−１
1,0,4100001880,,コジマ×ビックカメラ福生店,２階レジカウンター,コジマ×ビックカメラ福生店　２階レジカウンター,13,東京都,福生市,本町３６−１,,東京都福生市本町３６−１,東京都福生市本町３６−１,042-539-3711,35.740234375,139.33026123046875,https://map.yahoo.co.jp/search?q=東京都福生市本町３６−１
1,0,4100001882,,コジマ×ビックカメラ西東京店,２階電池売場、レジカウンター（電話機・家電・ビジュアル・ＰＣ・携帯）,コジマ×ビックカメラ西東京店　２階電池売場、レジカウンター（電話機・家電・ビジュアル・ＰＣ・携帯）,13,東京都,西東京市,向台町３−５−７４,サミットストア向台町店２Ｆ,東京都西東京市向台町３−５−７４サミットストア向台町店２Ｆ,東京都西東京市向台町３−５−７４,042-451-6800,35.7186279296875,139.53538513183594,https://map.yahoo.co.jp/search?q=東京都西東京市向台町３−５−７４
1,0,4100001903,,（株）ヤマダデンキ,テックランド東久留米野火止店,（株）ヤマダデンキ　テックランド東久留米野火止店,13,東京都,東久留米市,野火止１−３−３,,東京都東久留米市野火止１−３−３,東京都東久留米市野火止１−３−３,042-420-3311,35.75897979736328,139.51194763183594,https://map.yahoo.co.jp/search?q=東京都東久留米市野火止１−３−３
1,0,4100001909,,（株）ヤマダデンキ,ＬＡＢＩ　池袋本店,（株）ヤマダデンキ　ＬＡＢＩ　池袋本店,13,東京都,豊島区,東池袋１−５−７,,東京都豊島区東池袋１−５−７,東京都豊島区東池袋１−５−７,03-5958-7770,35.73080825805664,139.71319580078125,https://map.yahoo.co.jp/search?q=東京都豊島区東池袋１−５−７
1,0,4100001918,,（株）フジヤカメラ店,エービック事業部,（株）フジヤカメラ店　エービック事業部,13,東京都,中野区,中野５−５２−１５,中野ブロードウェイ３Ｆ,東京都中野区中野５−５２−１５中野ブロードウェイ３Ｆ,東京都中野区中野５−５２−１５,03-3386-5956,35.709922790527344,139.66566467285156,https://map.yahoo.co.jp/search?q=東京都中野区中野５−５２−１５
1,0,4100001926,,コジマ×ビックカメラ高井戸東店,２階レジカウンター（電話機、カメラ、ＰＣ、掃除機、充電池）,コジマ×ビックカメラ高井戸東店　２階レジカウンター（電話機、カメラ、ＰＣ、掃除機、充電池）,13,東京都,杉並区,高井戸東４−２−１,,東京都杉並区高井戸東４−２−１,東京都杉並区高井戸東４−２−１,03-5370-5677,35.686729431152344,139.62193298339844,https://map.yahoo.co.jp/search?q=東京都杉並区高井戸東４−２−１
1,0,4100001947,,（株）ヤマダデンキ,テックランド東大和店,（株）ヤマダデンキ　テックランド東大和店,13,東京都,東大和市,清水６−１０９５−３,,東京都東大和市清水６−１０９５−３,東京都東大和市清水６−１０９５−３,042-516-8831,35.74647521972656,139.4432373046875,https://map.yahoo.co.jp/search?q=東京都東大和市清水６−１０９５−３
1,0,4100001951,,（株）ヤマダデンキ,ＬＡＢＩ新宿西口館,（株）ヤマダデンキ　ＬＡＢＩ新宿西口館,13,東京都,新宿区,西新宿１−１８−８,,東京都新宿区西新宿１−１８−８,東京都新宿区西新宿１−１８−８,03-5339-0511,35.68843460083008,139.69801330566406,https://map.yahoo.co.jp/search?q=東京都新宿区西新宿１−１８−８
1,0,4100001982,,（株）ヤマダデンキ,テックランドＮｅｗ葛西店,（株）ヤマダデンキ　テックランドＮｅｗ葛西店,13,東京都,江戸川区,中葛西４−８−１,,東京都江戸川区中葛西４−８−１,東京都江戸川区中葛西４−８−１,03-6808-3321,35.66773223876953,139.86582946777344,https://map.yahoo.co.jp/search?q=東京都江戸川区中葛西４−８−１
1,0,4100002102,,（株）ピーシーデポコーポレーション,ＰＣ　ＤＥＰＯＴ　スマートライフ西馬込店,（株）ピーシーデポコーポレーション　ＰＣ　ＤＥＰＯＴ　スマートライフ西馬込店,13,東京都,大田区,南馬込５−４４−３,,東京都大田区南馬込５−４４−３,東京都大田区南馬込５−４４−３,03-3775-9995,35.584712982177734,139.7044677734375,https://map.yahoo.co.jp/search?q=東京都大田区南馬込５−４４−３
1,0,4100002246,,コジマ×ビックカメラ成城店,２階レジカウンター,コジマ×ビックカメラ成城店　２階レジカウンター,13,東京都,世田谷区,成城１−３−１,サミットストア成城店２Ｆ,東京都世田谷区成城１−３−１サミットストア成城店２Ｆ,東京都世田谷区成城１−３−１,03-3415-3122,35.63256072998047,139.6051788330078,https://map.yahoo.co.jp/search?q=東京都世田谷区成城１−３−１
1,0,4100002253,,（株）ヤマダデンキ,テックランド昭島店,（株）ヤマダデンキ　テックランド昭島店,13,東京都,昭島市,松原町２−１４−６,,東京都昭島市松原町２−１４−６,東京都昭島市松原町２−１４−６,042-519-2960,35.715599060058594,139.34974670410156,https://map.yahoo.co.jp/search?q=東京都昭島市松原町２−１４−６
1,0,4100002314,,（株）ヤマダデンキ,テックランド錦糸町店,（株）ヤマダデンキ　テックランド錦糸町店,13,東京都,墨田区,太平４−１−５　２Ｆ,,東京都墨田区太平４−１−５　２Ｆ,東京都墨田区太平４−１−５　２Ｆ,03-5819-0217,35.700599670410156,139.8148651123047,https://map.yahoo.co.jp/search?q=東京都墨田区太平４−１−５　２Ｆ
1,0,4100002315,,（株）ヤマダデンキ,テックランド稲城若葉台店,（株）ヤマダデンキ　テックランド稲城若葉台店,13,東京都,稲城市,若葉台２−８,,東京都稲城市若葉台２−８,東京都稲城市若葉台２−８,042-350-3416,35.623802185058594,139.47174072265625,https://map.yahoo.co.jp/search?q=東京都稲城市若葉台２−８
1,0,4100002331,,（株）ヤマダデンキ,ＹＡＭＡＤＡｗｅｂ．ｃｏｍ江東新砂店,（株）ヤマダデンキ　ＹＡＭＡＤＡｗｅｂ．ｃｏｍ江東新砂店,13,東京都,江東区,新砂３−１−１３,,東京都江東区新砂３−１−１３,東京都江東区新砂３−１−１３,03-5677-5913,35.66804885864258,139.82986450195312,https://map.yahoo.co.jp/search?q=東京都江東区新砂３−１−１３
1,0,4100002359,,（株）ピーシーデポコーポレーション,ＰＣ　ＤＥＰＯＴ　スマートライフ世田谷砧店,（株）ピーシーデポコーポレーション　ＰＣ　ＤＥＰＯＴ　スマートライフ世田谷砧店,13,東京都,世田谷区,砧１−１６−６,,東京都世田谷区砧１−１６−６,東京都世田谷区砧１−１６−６,03-5494-5122,35.6365966796875,139.61981201171875,https://map.yahoo.co.jp/search?q=東京都世田谷区砧１−１６−６
1,0,4100002360,,（株）ヤマダデンキ,ＬＡＢＩ東京八重洲,（株）ヤマダデンキ　ＬＡＢＩ東京八重洲,13,東京都,中央区,八重洲１−５−２２,,東京都中央区八重洲１−５−２２,東京都中央区八重洲１−５−２２,03-3510-9098,35.6822624206543,139.77053833007812,https://map.yahoo.co.jp/search?q=東京都中央区八重洲１−５−２２
1,0,4100002362,,コジマ×ビックカメラ八王子高倉店,２階レジカウンター,コジマ×ビックカメラ八王子高倉店　２階レジカウンター,13,東京都,八王子市,高倉町４９−３,コープみらい高倉店２Ｆ,東京都八王子市高倉町４９−３コープみらい高倉店２Ｆ,東京都八王子市高倉町４９−３,042-649-5522,35.66476058959961,139.3692626953125,https://map.yahoo.co.jp/search?q=東京都八王子市高倉町４９−３
1,0,4100002371,,コジマ×ビックカメラ西友ひばりケ丘店,２階レジ（電話機・カメラ・家電・ＡＶ・ＰＣ・携帯・おもちゃ）,コジマ×ビックカメラ西友ひばりケ丘店　２階レジ（電話機・カメラ・家電・ＡＶ・ＰＣ・携帯・おもちゃ）,13,東京都,西東京市,住吉町３−９−８,西友ひばりケ丘店２階,東京都西東京市住吉町３−９−８西友ひばりケ丘店２階,東京都西東京市住吉町３−９−８,042-438-5200,35.75078201293945,139.54486083984375,https://map.yahoo.co.jp/search?q=東京都西東京市住吉町３−９−８
1,0,4100002373,,（株）ヤマダデンキ,ＬＡＢＩ　立川,（株）ヤマダデンキ　ＬＡＢＩ　立川,13,東京都,立川市,曙町２−２−２５,,東京都立川市曙町２−２−２５,東京都立川市曙町２−２−２５,042-529-3611,35.69857406616211,139.4126739501953,https://map.yahoo.co.jp/search?q=東京都立川市曙町２−２−２５
1,0,4100002380,,コジマ×ビックカメラ　ベルクスモール浮間舟渡店,,コジマ×ビックカメラ　ベルクスモール浮間舟渡店　,13,東京都,板橋区,舟渡１−６−２２,ベルクスモール浮間舟渡２Ｆ,東京都板橋区舟渡１−６−２２ベルクスモール浮間舟渡２Ｆ,東京都板橋区舟渡１−６−２２,03-6454-5522,35.79232406616211,139.6875,https://map.yahoo.co.jp/search?q=東京都板橋区舟渡１−６−２２
1,0,4100002381,,（株）ヤマダデンキ,テックランド狛江店,（株）ヤマダデンキ　テックランド狛江店,13,東京都,狛江市,岩戸南２−４−３,,東京都狛江市岩戸南２−４−３,東京都狛江市岩戸南２−４−３,03-5761-4115,35.632259368896484,139.58766174316406,https://map.yahoo.co.jp/search?q=東京都狛江市岩戸南２−４−３
1,0,4100002383,,（株）ヤマダデンキ,テックランド八王子高尾店,（株）ヤマダデンキ　テックランド八王子高尾店,13,東京都,八王子市,狭間町１４５６,,東京都八王子市狭間町１４５６,東京都八王子市狭間町１４５６,042-673-2024,35.63954544067383,139.29006958007812,https://map.yahoo.co.jp/search?q=東京都八王子市狭間町１４５６
1,0,4100002386,,（株）ヤマダデンキ,テックランド西友大森店,（株）ヤマダデンキ　テックランド西友大森店,13,東京都,品川区,南大井６−２７−２５,西友大森店４Ｆ,東京都品川区南大井６−２７−２５西友大森店４Ｆ,東京都品川区南大井６−２７−２５,03-6450-0138,35.5881462097168,139.72991943359375,https://map.yahoo.co.jp/search?q=東京都品川区南大井６−２７−２５
1,0,4100002387,,（株）ヤマダデンキ,テックランド青梅店,（株）ヤマダデンキ　テックランド青梅店,13,東京都,青梅市,今井３−１０−９,フォレオ２Ｆ,東京都青梅市今井３−１０−９フォレオ２Ｆ,東京都青梅市今井３−１０−９,0428-78-0609,35.796443939208984,139.30894470214844,https://map.yahoo.co.jp/search?q=東京都青梅市今井３−１０−９
1,0,4100002389,,（株）ヤマダデンキ,テックランド　イオンスタイル赤羽店,（株）ヤマダデンキ　テックランド　イオンスタイル赤羽店,13,東京都,北区,神谷３−１２−１,イオンスタイル赤羽２Ｆ,東京都北区神谷３−１２−１イオンスタイル赤羽２Ｆ,東京都北区神谷３−１２−１,03-5939-7708,35.77409744262695,139.7321319580078,https://map.yahoo.co.jp/search?q=東京都北区神谷３−１２−１
1,0,4100002431,,（株）ヤマダデンキ,テックランドセブンタウン小豆沢店,（株）ヤマダデンキ　テックランドセブンタウン小豆沢店,13,東京都,板橋区,小豆沢三丁目９番４号,セブンタウン小豆沢内,東京都板橋区小豆沢三丁目９番４号セブンタウン小豆沢内,東京都板橋区小豆沢三丁目９番４号,03-5939-8888,35.77919387817383,139.69351196289062,https://map.yahoo.co.jp/search?q=東京都板橋区小豆沢三丁目９番４号
1,0,4100002435,,（株）ヤマダデンキ,テックランドスーパービバホーム豊洲店,（株）ヤマダデンキ　テックランドスーパービバホーム豊洲店,13,東京都,江東区,豊洲３丁目４−８,スーパービバホーム豊洲店２Ｆ,東京都江東区豊洲３丁目４−８スーパービバホーム豊洲店２Ｆ,東京都江東区豊洲３丁目４−８,03-3520-8803,35.655906677246094,139.7981719970703,https://map.yahoo.co.jp/search?q=東京都江東区豊洲３丁目４−８
1,0,4100002436,,（株）ヤマダデンキ,テックランド西友花小金井店,（株）ヤマダデンキ　テックランド西友花小金井店,13,東京都,小平市,花小金井１−２−２３,西友花小金井店　３Ｆ,東京都小平市花小金井１−２−２３西友花小金井店　３Ｆ,東京都小平市花小金井１−２−２３,042-452-9921,35.72737121582031,139.51162719726562,https://map.yahoo.co.jp/search?q=東京都小平市花小金井１−２−２３
1,0,4100002508,,コジマ×ビックカメラＫＡＭＥＩＤＯ　ＣＬＯＣＫ店,レジカウンター,コジマ×ビックカメラＫＡＭＥＩＤＯ　ＣＬＯＣＫ店　レジカウンター,13,東京都,江東区,亀戸６−３１−６,ＫＡＭＥＩＤＯ　ＣＬＯＣＫ　３Ｆ,東京都江東区亀戸６−３１−６ＫＡＭＥＩＤＯ　ＣＬＯＣＫ　３Ｆ,東京都江東区亀戸６−３１−６,03-3638-5252,35.69660186767578,139.82920837402344,https://map.yahoo.co.jp/search?q=東京都江東区亀戸６−３１−６
1,0,4100002517,,（株）ヤマダデンキ,テックランド　ビバホーム八王子多摩美大前店,（株）ヤマダデンキ　テックランド　ビバホーム八王子多摩美大前店,13,東京都,八王子市,鑓水２−１０８−１,ビバホーム八王子多摩美大前店２Ｆ,東京都八王子市鑓水２−１０８−１ビバホーム八王子多摩美大前店２Ｆ,東京都八王子市鑓水２−１０８−１,042-670-9333,35.61143493652344,139.35299682617188,https://map.yahoo.co.jp/search?q=東京都八王子市鑓水２−１０８−１
1,0,4100002532,,（株）ヤマダデンキ,ＩＤＣ　ＯＴＳＵＫＡ　新宿ショールーム,（株）ヤマダデンキ　ＩＤＣ　ＯＴＳＵＫＡ　新宿ショールーム,13,東京都,新宿区,新宿３−３３−１,,東京都新宿区新宿３−３３−１,東京都新宿区新宿３−３３−１,03-5379-4321,35.68988800048828,139.70350646972656,https://map.yahoo.co.jp/search?q=東京都新宿区新宿３−３３−１
1,0,4100002545,,コジマ×ビックカメラ有明ガーデン店,レジカウンター,コジマ×ビックカメラ有明ガーデン店　レジカウンター,13,東京都,江東区,有明２−１−８,ショッピングシティ有明ガーデン３Ｆ,東京都江東区有明２−１−８ショッピングシティ有明ガーデン３Ｆ,東京都江東区有明２−１−８,03-5500-5252,35.637699127197266,139.7904510498047,https://map.yahoo.co.jp/search?q=東京都江東区有明２−１−８
1,0,4100002546,,コジマ×ビックカメラ聖蹟桜ヶ丘駅店,レジカウンター,コジマ×ビックカメラ聖蹟桜ヶ丘駅店　レジカウンター,13,東京都,多摩市,関戸１−１１−１,京王聖蹟桜ヶ丘ショッピングセンターＡ館　６階,東京都多摩市関戸１−１１−１京王聖蹟桜ヶ丘ショッピングセンターＡ館　６階,東京都多摩市関戸１−１１−１,042-310-1111,35.65060806274414,139.44747924804688,https://map.yahoo.co.jp/search?q=東京都多摩市関戸１−１１−１
1,0,4100002548,,（株）ヤマダデンキ,テックランド葛飾店,（株）ヤマダデンキ　テックランド葛飾店,13,東京都,葛飾区,立石五丁目１１番２３号,,東京都葛飾区立石五丁目１１番２３号,東京都葛飾区立石五丁目１１番２３号,03-5654-6581,35.74211120605469,139.8466033935547,https://map.yahoo.co.jp/search?q=東京都葛飾区立石五丁目１１番２３号
1,0,4100002559,,コジマ×ビックカメラコーナン田無店,レジカウンター,コジマ×ビックカメラコーナン田無店　レジカウンター,13,東京都,西東京市,西原町４−２−８,コーナン２Ｆ,東京都西東京市西原町４−２−８コーナン２Ｆ,東京都西東京市西原町４−２−８,042-460-5252,35.735355377197266,139.52517700195312,https://map.yahoo.co.jp/search?q=東京都西東京市西原町４−２−８
1,0,4100002564,,（株）ヤマダデンキ,Ｔｅｃｃ　ＬＩＦＥ　ＳＥＬＥＣＴ足立竹の塚店,（株）ヤマダデンキ　Ｔｅｃｃ　ＬＩＦＥ　ＳＥＬＥＣＴ足立竹の塚店,13,東京都,足立区,竹の塚五丁目１７番１０号,,東京都足立区竹の塚五丁目１７番１０号,東京都足立区竹の塚五丁目１７番１０号,03-6625-2906,35.79543685913086,139.794677734375,https://map.yahoo.co.jp/search?q=東京都足立区竹の塚五丁目１７番１０号
1,0,4100002572,,（株）ヤマダデンキ,テックランド　聖蹟桜ヶ丘店,（株）ヤマダデンキ　テックランド　聖蹟桜ヶ丘店,13,東京都,多摩市,関戸４−７２,ヴィータモールせいせき２Ｆ〜４Ｆ,東京都多摩市関戸４−７２ヴィータモールせいせき２Ｆ〜４Ｆ,東京都多摩市関戸４−７２,042-400-5501,35.64963150024414,139.44705200195312,https://map.yahoo.co.jp/search?q=東京都多摩市関戸４−７２
1,0,5100000675,,綿半ホームエイド,国分寺店,綿半ホームエイド　国分寺店,13,東京都,国分寺市,日吉町３ー３ー９,,東京都国分寺市日吉町３ー３ー９,東京都国分寺市日吉町３ー３ー９,042-325-2442,35.70447540283203,139.4578857421875,https://map.yahoo.co.jp/search?q=東京都国分寺市日吉町３ー３ー９
1,0,5100000704,,（株）アイリスプラザ　ダイユニカンパニー,ユニディ若葉台店,（株）アイリスプラザ　ダイユニカンパニー　ユニディ若葉台店,13,東京都,稲城市,若葉台２−６,,東京都稲城市若葉台２−６,東京都稲城市若葉台２−６,042-350-6901,35.621978759765625,139.47164916992188,https://map.yahoo.co.jp/search?q=東京都稲城市若葉台２−６
1,0,5100000705,,（株）アイリスプラザ　ダイユニカンパニー,ユニディ狛江店,（株）アイリスプラザ　ダイユニカンパニー　ユニディ狛江店,13,東京都,狛江市,和泉本町４−６−３,,東京都狛江市和泉本町４−６−３,東京都狛江市和泉本町４−６−３,03-5438-5511,35.6427001953125,139.5707550048828,https://map.yahoo.co.jp/search?q=東京都狛江市和泉本町４−６−３
1,0,5100001435,,コーナン商事（株）,ホームセンターコーナン本羽田萩中店,コーナン商事（株）　ホームセンターコーナン本羽田萩中店,13,東京都,大田区,本羽田２−３−１,,東京都大田区本羽田２−３−１,東京都大田区本羽田２−３−１,03-5735-5861,35.54960250854492,139.7310791015625,https://map.yahoo.co.jp/search?q=東京都大田区本羽田２−３−１
1,0,5100001497,,ＤＣＭ（株）,ＤＣＭ八王子みなみ野店,ＤＣＭ（株）　ＤＣＭ八王子みなみ野店,13,東京都,八王子市,みなみ野１−３−１,,東京都八王子市みなみ野１−３−１,東京都八王子市みなみ野１−３−１,042-632-6868,35.63128662109375,139.3302459716797,https://map.yahoo.co.jp/search?q=東京都八王子市みなみ野１−３−１
1,0,5100002448,,ＤＣＭ（株）,ＤＣＭ大井競馬場前店,ＤＣＭ（株）　ＤＣＭ大井競馬場前店,13,東京都,品川区,勝島１−６−１６,大井競馬場前ショッピングモールＷＩＲＡ大井１Ｆ,東京都品川区勝島１−６−１６大井競馬場前ショッピングモールＷＩＲＡ大井１Ｆ,東京都品川区勝島１−６−１６,03-5767-7631,35.59721755981445,139.7450714111328,https://map.yahoo.co.jp/search?q=東京都品川区勝島１−６−１６
1,0,5100002865,,（株）セキチュー,鶴川店,（株）セキチュー　鶴川店,13,東京都,町田市,金井ケ丘２−４３−５,,東京都町田市金井ケ丘２−４３−５,東京都町田市金井ケ丘２−４３−５,042-708-9746,35.57320022583008,139.46661376953125,https://map.yahoo.co.jp/search?q=東京都町田市金井ケ丘２−４３−５
1,0,5100002945,,ロイヤルホームセンター,南千住店,ロイヤルホームセンター　南千住店,13,東京都,荒川区,南千住４−１−４,,東京都荒川区南千住４−１−４,東京都荒川区南千住４−１−４,03-5615-5631,35.73289489746094,139.80271911621094,https://map.yahoo.co.jp/search?q=東京都荒川区南千住４−１−４
1,0,5100003143,,アークランズ（株）,ビバホームビーンズ赤羽店,アークランズ（株）　ビバホームビーンズ赤羽店,13,東京都,北区,赤羽１−１−１,,東京都北区赤羽１−１−１,東京都北区赤羽１−１−１,03-5249-8011,35.77878189086914,139.72096252441406,https://map.yahoo.co.jp/search?q=東京都北区赤羽１−１−１
1,0,5100003144,,アークランズ（株）,ビバホーム奥戸街道店,アークランズ（株）　ビバホーム奥戸街道店,13,東京都,葛飾区,奥戸２−１４−２８,,東京都葛飾区奥戸２−１４−２８,東京都葛飾区奥戸２−１４−２８,03-5654-8911,35.73603820800781,139.8563690185547,https://map.yahoo.co.jp/search?q=東京都葛飾区奥戸２−１４−２８
1,0,5100003145,,アークランズ（株）,スーパービバホーム豊洲店,アークランズ（株）　スーパービバホーム豊洲店,13,東京都,江東区,豊洲３−４−８,,東京都江東区豊洲３−４−８,東京都江東区豊洲３−４−８,03-3536-9611,35.655906677246094,139.7981719970703,https://map.yahoo.co.jp/search?q=東京都江東区豊洲３−４−８
1,0,5100003146,,アークランズ（株）,ビバホーム板橋前野店,アークランズ（株）　ビバホーム板橋前野店,13,東京都,板橋区,前野町３−３７−１８,,東京都板橋区前野町３−３７−１８,東京都板橋区前野町３−３７−１８,03-5914-3411,35.770423889160156,139.69354248046875,https://map.yahoo.co.jp/search?q=東京都板橋区前野町３−３７−１８
1,0,5100003148,,アークランズ（株）,ビバホーム足立神明店,アークランズ（株）　ビバホーム足立神明店,13,東京都,足立区,神明２−６−１４,,東京都足立区神明２−６−１４,東京都足立区神明２−６−１４,03-5673-3211,35.79385757446289,139.83465576171875,https://map.yahoo.co.jp/search?q=東京都足立区神明２−６−１４
1,0,5100003169,,コーナン商事（株）,ホームセンターコーナン三鷹店,コーナン商事（株）　ホームセンターコーナン三鷹店,13,東京都,三鷹市,野崎３−７−１２,,東京都三鷹市野崎３−７−１２,東京都三鷹市野崎３−７−１２,0422-30-3757,35.681739807128906,139.5441131591797,https://map.yahoo.co.jp/search?q=東京都三鷹市野崎３−７−１２
1,0,5100003183,,ロイヤルホームセンター,足立鹿浜,ロイヤルホームセンター　足立鹿浜,13,東京都,足立区,堀之内１−１３−１３,,東京都足立区堀之内１−１３−１３,東京都足立区堀之内１−１３−１３,03-5647-5711,35.775203704833984,139.75279235839844,https://map.yahoo.co.jp/search?q=東京都足立区堀之内１−１３−１３
1,0,5100003227,,アークランズ（株）,スーパービバホーム東久留米店,アークランズ（株）　スーパービバホーム東久留米店,13,東京都,東久留米市,上の原２−２−３５,,東京都東久留米市上の原２−２−３５,東京都東久留米市上の原２−２−３５,042-470-9011,35.769798278808594,139.5449981689453,https://map.yahoo.co.jp/search?q=東京都東久留米市上の原２−２−３５
1,0,5100003232,,アークランズ（株）,ビバホーム豊島５丁目店,アークランズ（株）　ビバホーム豊島５丁目店,13,東京都,北区,豊島４−１８−２４,,東京都北区豊島４−１８−２４,東京都北区豊島４−１８−２４,03-5959-0911,35.76359939575195,139.7528076171875,https://map.yahoo.co.jp/search?q=東京都北区豊島４−１８−２４
1,0,5100003311,,ＤＣＭ（株）,ＤＣＭ小金井店,ＤＣＭ（株）　ＤＣＭ小金井店,13,東京都,小金井市,中町１−１３−２４,,東京都小金井市中町１−１３−２４,東京都小金井市中町１−１３−２４,042-385-5515,35.695037841796875,139.51605224609375,https://map.yahoo.co.jp/search?q=東京都小金井市中町１−１３−２４
1,0,5100003327,,ＤＣＭ（株）,ＤＣＭ立川幸町店,ＤＣＭ（株）　ＤＣＭ立川幸町店,13,東京都,立川市,幸町２−３２−１,,東京都立川市幸町２−３２−１,東京都立川市幸町２−３２−１,042-534-6380,35.721256256103516,139.42495727539062,https://map.yahoo.co.jp/search?q=東京都立川市幸町２−３２−１
1,0,5100003359,,ＤＣＭ（株）,ＤＣＭ東久留米南町店,ＤＣＭ（株）　ＤＣＭ東久留米南町店,13,東京都,東久留米市,南町１−６−１１,,東京都東久留米市南町１−６−１１,東京都東久留米市南町１−６−１１,042-468-5513,35.742103576660156,139.52732849121094,https://map.yahoo.co.jp/search?q=東京都東久留米市南町１−６−１１
1,0,5100003361,,ＤＣＭ（株）,ＤＣＭ高島平店,ＤＣＭ（株）　ＤＣＭ高島平店,13,東京都,板橋区,高島平９−２３−１,,東京都板橋区高島平９−２３−１,東京都板橋区高島平９−２３−１,03-5399-2501,35.7897834777832,139.66607666015625,https://map.yahoo.co.jp/search?q=東京都板橋区高島平９−２３−１
1,0,5100003362,,ＤＣＭ（株）,ＤＣＭ鹿骨店,ＤＣＭ（株）　ＤＣＭ鹿骨店,13,東京都,江戸川区,鹿骨２−４０−１６,,東京都江戸川区鹿骨２−４０−１６,東京都江戸川区鹿骨２−４０−１６,03-3698-4770,35.70695495605469,139.895751953125,https://map.yahoo.co.jp/search?q=東京都江戸川区鹿骨２−４０−１６
1,0,5100003363,,ＤＣＭ（株）,ＤＣＭ鹿浜店,ＤＣＭ（株）　ＤＣＭ鹿浜店,13,東京都,足立区,鹿浜６−２４−７,,東京都足立区鹿浜６−２４−７,東京都足立区鹿浜６−２４−７,03-3857-8288,35.78564453125,139.76084899902344,https://map.yahoo.co.jp/search?q=東京都足立区鹿浜６−２４−７
1,0,5100003364,,ＤＣＭ（株）,ＤＣＭ府中栄町店,ＤＣＭ（株）　ＤＣＭ府中栄町店,13,東京都,府中市,栄町１−７−１,,東京都府中市栄町１−７−１,東京都府中市栄町１−７−１,042-336-6551,35.688926696777344,139.48159790039062,https://map.yahoo.co.jp/search?q=東京都府中市栄町１−７−１
1,0,5100003369,,ＤＣＭ（株）,ＤＣＭ三田店,ＤＣＭ（株）　ＤＣＭ三田店,13,東京都,港区,三田４−２−２０,,東京都港区三田４−２−２０,東京都港区三田４−２−２０,03-5442-5828,35.64586639404297,139.740478515625,https://map.yahoo.co.jp/search?q=東京都港区三田４−２−２０
1,0,5100003370,,ＤＣＭ（株）,ＤＣＭ武蔵村山店,ＤＣＭ（株）　ＤＣＭ武蔵村山店,13,東京都,武蔵村山市,榎３−２０−１,,東京都武蔵村山市榎３−２０−１,東京都武蔵村山市榎３−２０−１,042-590-0766,35.74774932861328,139.38966369628906,https://map.yahoo.co.jp/search?q=東京都武蔵村山市榎３−２０−１
1,0,5100003373,,ＤＣＭ（株）,ＤＣＭ国立青柳店,ＤＣＭ（株）　ＤＣＭ国立青柳店,13,東京都,国立市,青柳１−１−１０,,東京都国立市青柳１−１−１０,東京都国立市青柳１−１−１０,042-521-2370,35.68707275390625,139.42271423339844,https://map.yahoo.co.jp/search?q=東京都国立市青柳１−１−１０
1,0,5100003380,,ＤＣＭ（株）,ＤＣＭ東十条店,ＤＣＭ（株）　ＤＣＭ東十条店,13,東京都,北区,神谷２−２−１,,東京都北区神谷２−２−１,東京都北区神谷２−２−１,03-5939-4261,35.7684440612793,139.7299346923828,https://map.yahoo.co.jp/search?q=東京都北区神谷２−２−１
1,0,5100003387,,ＤＣＭ（株）,ＤＣＭ日野旭が丘店,ＤＣＭ（株）　ＤＣＭ日野旭が丘店,13,東京都,日野市,旭が丘３−６−４,,東京都日野市旭が丘３−６−４,東京都日野市旭が丘３−６−４,042-582-8678,35.658626556396484,139.36907958984375,https://map.yahoo.co.jp/search?q=東京都日野市旭が丘３−６−４
1,0,5100003388,,ＤＣＭ（株）,ＤＣＭあきる野店,ＤＣＭ（株）　ＤＣＭあきる野店,13,東京都,あきる野市,下代継４８,,東京都あきる野市下代継４８,東京都あきる野市下代継４８,042-532-3644,35.72578811645508,139.28024291992188,https://map.yahoo.co.jp/search?q=東京都あきる野市下代継４８
1,0,5100003399,,ＤＣＭ（株）,ＤＣＭ楢原店,ＤＣＭ（株）　ＤＣＭ楢原店,13,東京都,八王子市,楢原町１８１８−１５,,東京都八王子市楢原町１８１８−１５,東京都八王子市楢原町１８１８−１５,042-628-9643,35.68718719482422,139.30609130859375,https://map.yahoo.co.jp/search?q=東京都八王子市楢原町１８１８−１５
1,0,5100003431,,ＤＣＭ（株）,ＤＣＭ唐木田店,ＤＣＭ（株）　ＤＣＭ唐木田店,13,東京都,多摩市,唐木田１−３,,東京都多摩市唐木田１−３,東京都多摩市唐木田１−３,042-371-5051,35.61442947387695,139.41043090820312,https://map.yahoo.co.jp/search?q=東京都多摩市唐木田１−３
1,1,5100003504,,（株）ジョイフル本田,ジョイフル本田瑞穂店,（株）ジョイフル本田　ジョイフル本田瑞穂店,13,東京都,西多摩郡,瑞穂町殿ケ谷４４２,,東京都西多摩郡瑞穂町殿ケ谷４４２,東京都西多摩郡瑞穂町殿ケ谷４４２,042-568-2311,35.76055145263672,139.35772705078125,https://map.yahoo.co.jp/search?q=東京都西多摩郡瑞穂町殿ケ谷４４２
1,0,5100003649,,ＤＣＭ（株）,ＤＣＭ稲城押立店,ＤＣＭ（株）　ＤＣＭ稲城押立店,13,東京都,稲城市,押立１７７７−１,,東京都稲城市押立１７７７−１,東京都稲城市押立１７７７−１,042-378-0911,35.648216247558594,139.5159149169922,https://map.yahoo.co.jp/search?q=東京都稲城市押立１７７７−１
1,0,5100003650,,ＤＣＭ（株）,ＤＣＭ調布店,ＤＣＭ（株）　ＤＣＭ調布店,13,東京都,調布市,多摩川１−９−２,,東京都調布市多摩川１−９−２,東京都調布市多摩川１−９−２,042-499-0191,35.64937973022461,139.52713012695312,https://map.yahoo.co.jp/search?q=東京都調布市多摩川１−９−２
1,0,5100003697,,アークランズ（株）,スーパービバホーム八王子多摩美大前店,アークランズ（株）　スーパービバホーム八王子多摩美大前店,13,東京都,八王子市,鑓水２−１０８−１,,東京都八王子市鑓水２−１０８−１,東京都八王子市鑓水２−１０８−１,042-670-3634,35.61143493652344,139.35299682617188,https://map.yahoo.co.jp/search?q=東京都八王子市鑓水２−１０８−１
1,0,5100003748,,ＤＣＭ（株）,ＤＣＭ　ＤＩＹ　ｐｌａｃｅ,ＤＣＭ（株）　ＤＣＭ　ＤＩＹ　ｐｌａｃｅ,13,東京都,渋谷区,恵比寿４丁目２０番７号,恵比寿ガーデンプレイス　センタープラザ　１Ｆ,東京都渋谷区恵比寿４丁目２０番７号恵比寿ガーデンプレイス　センタープラザ　１Ｆ,東京都渋谷区恵比寿４丁目２０番７号,03-5421-7330,35.6436653137207,139.71336364746094,https://map.yahoo.co.jp/search?q=東京都渋谷区恵比寿４丁目２０番７号
1,0,5100003829,,コーナン商事（株）,ホームセンターコーナンドイト南砂店,コーナン商事（株）　ホームセンターコーナンドイト南砂店,13,東京都,江東区,南砂６ー７ー１５,,東京都江東区南砂６ー７ー１５,東京都江東区南砂６ー７ー１５,03-5677-4715,35.672672,139.835953,https://map.yahoo.co.jp/search?q=東京都江東区南砂６ー７ー１５
1,0,5300000156,,（株）イトーヨーカ堂,東村山店,（株）イトーヨーカ堂　東村山店,13,東京都,東村山市,本町２−２−１９,,東京都東村山市本町２−２−１９,東京都東村山市本町２−２−１９,042-395-2011,35.758914947509766,139.46661376953125,https://map.yahoo.co.jp/search?q=東京都東村山市本町２−２−１９
1,0,5300000173,,（株）イトーヨーカ堂,武蔵境店,（株）イトーヨーカ堂　武蔵境店,13,東京都,武蔵野市,境南町２−２−２０,,東京都武蔵野市境南町２−２−２０,東京都武蔵野市境南町２−２−２０,0422-31-2111,35.70103454589844,139.54534912109375,https://map.yahoo.co.jp/search?q=東京都武蔵野市境南町２−２−２０
1,0,5300000184,,（株）イトーヨーカ堂,小岩店,（株）イトーヨーカ堂　小岩店,13,東京都,江戸川区,西小岩１−２４−１,,東京都江戸川区西小岩１−２４−１,東京都江戸川区西小岩１−２４−１,03-3671-5111,35.7334098815918,139.88121032714844,https://map.yahoo.co.jp/search?q=東京都江戸川区西小岩１−２４−１
1,0,5300000205,,（株）イトーヨーカ堂,綾瀬店,（株）イトーヨーカ堂　綾瀬店,13,東京都,足立区,綾瀬３−４−２５,,東京都足立区綾瀬３−４−２５,東京都足立区綾瀬３−４−２５,03-3620-2911,35.76248550415039,139.82562255859375,https://map.yahoo.co.jp/search?q=東京都足立区綾瀬３−４−２５
1,0,5300000209,,（株）イトーヨーカ堂,昭島店,（株）イトーヨーカ堂　昭島店,13,東京都,昭島市,田中町５６２−１,,東京都昭島市田中町５６２−１,東京都昭島市田中町５６２−１,042-546-1411,35.71370315551758,139.364501953125,https://map.yahoo.co.jp/search?q=東京都昭島市田中町５６２−１
1,0,5300000238,,（株）イトーヨーカ堂,四つ木店,（株）イトーヨーカ堂　四つ木店,13,東京都,葛飾区,四つ木２−２１−１,,東京都葛飾区四つ木２−２１−１,東京都葛飾区四つ木２−２１−１,03-3694-8811,35.73731231689453,139.83872985839844,https://map.yahoo.co.jp/search?q=東京都葛飾区四つ木２−２１−１
1,0,5300000255,,（株）イトーヨーカ堂,赤羽店,（株）イトーヨーカ堂　赤羽店,13,東京都,北区,赤羽西１−７−１,,東京都北区赤羽西１−７−１,東京都北区赤羽西１−７−１,03-3905-5111,35.77681350708008,139.71994018554688,https://map.yahoo.co.jp/search?q=東京都北区赤羽西１−７−１
1,0,5300000261,,（株）イトーヨーカ堂,大井町店,（株）イトーヨーカ堂　大井町店,13,東京都,品川区,大井１−３−６,,東京都品川区大井１−３−６,東京都品川区大井１−３−６,03-3777-6611,35.60737228393555,139.73431396484375,https://map.yahoo.co.jp/search?q=東京都品川区大井１−３−６
1,0,5300000271,,（株）イトーヨーカ堂,南大沢店,（株）イトーヨーカ堂　南大沢店,13,東京都,八王子市,南大沢２−２８−１,,東京都八王子市南大沢２−２８−１,東京都八王子市南大沢２−２８−１,042-678-1811,35.613189697265625,139.37937927246094,https://map.yahoo.co.jp/search?q=東京都八王子市南大沢２−２８−１
1,0,5300001138,,イオンリテール（株）,イオン練馬店,イオンリテール（株）　イオン練馬店,13,東京都,練馬区,光が丘５−１−１,,東京都練馬区光が丘５−１−１,東京都練馬区光が丘５−１−１,03-3976-7711,35.760009765625,139.6283721923828,https://map.yahoo.co.jp/search?q=東京都練馬区光が丘５−１−１
1,0,5300001140,,イオンリテール（株）,イオンスタイル碑文谷,イオンリテール（株）　イオンスタイル碑文谷,13,東京都,目黒区,碑文谷４−１−１,,東京都目黒区碑文谷４−１−１,東京都目黒区碑文谷４−１−１,03-3710-1111,35.622779846191406,139.6846466064453,https://map.yahoo.co.jp/search?q=東京都目黒区碑文谷４−１−１
1,0,5300001860,,イオンリテール（株）,イオンスタイル板橋店,イオンリテール（株）　イオンスタイル板橋店,13,東京都,板橋区,徳丸２−６−１,,東京都板橋区徳丸２−６−１,東京都板橋区徳丸２−６−１,03-5398-3131,35.7694206237793,139.66079711914062,https://map.yahoo.co.jp/search?q=東京都板橋区徳丸２−６−１
1,0,5300002513,,（株）イトーヨーカ堂,国領店,（株）イトーヨーカ堂　国領店,13,東京都,調布市,国領町８−２−６４,,東京都調布市国領町８−２−６４,東京都調布市国領町８−２−６４,03-3430-2111,35.648189544677734,139.5650177001953,https://map.yahoo.co.jp/search?q=東京都調布市国領町８−２−６４
1,0,5300002519,,（株）イトーヨーカ堂,東大和店,（株）イトーヨーカ堂　東大和店,13,東京都,東大和市,桜が丘２−１４２−１,,東京都東大和市桜が丘２−１４２−１,東京都東大和市桜が丘２−１４２−１,042-562-5111,35.7358512878418,139.42262268066406,https://map.yahoo.co.jp/search?q=東京都東大和市桜が丘２−１４２−１
1,0,5300002526,,（株）イトーヨーカ堂,木場店,（株）イトーヨーカ堂　木場店,13,東京都,江東区,木場１−５−３０,,東京都江東区木場１−５−３０,東京都江東区木場１−５−３０,03-5606-5234,35.666194915771484,139.8049774169922,https://map.yahoo.co.jp/search?q=東京都江東区木場１−５−３０
1,0,5300002534,,（株）イトーヨーカ堂,八王子店,（株）イトーヨーカ堂　八王子店,13,東京都,八王子市,狭間町１４６２−１,,東京都八王子市狭間町１４６２−１,東京都八王子市狭間町１４６２−１,042-662-5211,35.6375846862793,139.29296875,https://map.yahoo.co.jp/search?q=東京都八王子市狭間町１４６２−１
1,0,5300002536,,（株）イトーヨーカ堂,アリオ葛西店,（株）イトーヨーカ堂　アリオ葛西店,13,東京都,江戸川区,東葛西９−３−３,,東京都江戸川区東葛西９−３−３,東京都江戸川区東葛西９−３−３,03-5675-1011,35.65568542480469,139.8839874267578,https://map.yahoo.co.jp/search?q=東京都江戸川区東葛西９−３−３
1,0,5300002727,,（株）イトーヨーカ堂,東久留米店,（株）イトーヨーカ堂　東久留米店,13,東京都,東久留米市,本町３−８−１,,東京都東久留米市本町３−８−１,東京都東久留米市本町３−８−１,042-474-3311,35.76005935668945,139.52870178222656,https://map.yahoo.co.jp/search?q=東京都東久留米市本町３−８−１
1,0,5300002728,,（株）イトーヨーカ堂,多摩センター店,（株）イトーヨーカ堂　多摩センター店,13,東京都,多摩市,落合１−４４,,東京都多摩市落合１−４４,東京都多摩市落合１−４４,042-374-6111,35.62378692626953,139.42588806152344,https://map.yahoo.co.jp/search?q=東京都多摩市落合１−４４
1,0,5300002731,,（株）イトーヨーカ堂,高砂店,（株）イトーヨーカ堂　高砂店,13,東京都,葛飾区,高砂３−１２−５,,東京都葛飾区高砂３−１２−５,東京都葛飾区高砂３−１２−５,03-3659-7171,35.75076675415039,139.8679656982422,https://map.yahoo.co.jp/search?q=東京都葛飾区高砂３−１２−５
1,0,5300002746,,（株）イトーヨーカ堂,アリオ亀有店,（株）イトーヨーカ堂　アリオ亀有店,13,東京都,葛飾区,亀有３−４９−３,,東京都葛飾区亀有３−４９−３,東京都葛飾区亀有３−４９−３,03-3838-5111,35.76434326171875,139.8525390625,https://map.yahoo.co.jp/search?q=東京都葛飾区亀有３−４９−３
1,0,5300002762,,イオンリテール（株）,イオンスタイル御嶽山駅前,イオンリテール（株）　イオンスタイル御嶽山駅前,13,東京都,大田区,北嶺町３７−１３,,東京都大田区北嶺町３７−１３,東京都大田区北嶺町３７−１３,03-3727-4000,35.58558654785156,139.68211364746094,https://map.yahoo.co.jp/search?q=東京都大田区北嶺町３７−１３
1,0,5300002768,,（株）イトーヨーカ堂,アリオ西新井店,（株）イトーヨーカ堂　アリオ西新井店,13,東京都,足立区,西新井栄町１−２０−１,,東京都足立区西新井栄町１−２０−１,東京都足立区西新井栄町１−２０−１,03-3852-9111,35.774688720703125,139.78578186035156,https://map.yahoo.co.jp/search?q=東京都足立区西新井栄町１−２０−１
1,0,5300003078,,（株）イトーヨーカ堂,アリオ北砂店,（株）イトーヨーカ堂　アリオ北砂店,13,東京都,江東区,北砂２−１７−１,,東京都江東区北砂２−１７−１,東京都江東区北砂２−１７−１,03-3640-7111,35.681304931640625,139.82662963867188,https://map.yahoo.co.jp/search?q=東京都江東区北砂２−１７−１
1,0,5300003084,,（株）イトーヨーカ堂,曳舟店,（株）イトーヨーカ堂　曳舟店,13,東京都,墨田区,京島１−２−１,,東京都墨田区京島１−２−１,東京都墨田区京島１−２−１,03-3616-4111,35.71732711791992,139.8171844482422,https://map.yahoo.co.jp/search?q=東京都墨田区京島１−２−１
1,0,6000000014,,ビックカメラ渋谷ハチ公口店,レジカウンター,ビックカメラ渋谷ハチ公口店　レジカウンター,13,東京都,渋谷区,道玄坂２−５−９,,東京都渋谷区道玄坂２−５−９,東京都渋谷区道玄坂２−５−９,03-3477-0002,35.659385681152344,139.69955444335938,https://map.yahoo.co.jp/search?q=東京都渋谷区道玄坂２−５−９
1,0,6000000017,,ビックカメラ池袋本店,レジカウンター,ビックカメラ池袋本店　レジカウンター,13,東京都,豊島区,東池袋１−４１−５,池袋パルコ向かい,東京都豊島区東池袋１−４１−５池袋パルコ向かい,東京都豊島区東池袋１−４１−５,03-5396-1111,35.73155975341797,139.7130126953125,https://map.yahoo.co.jp/search?q=東京都豊島区東池袋１−４１−５
1,0,6000000018,,ビックカメラ渋谷東口店,レジカウンター,ビックカメラ渋谷東口店　レジカウンター,13,東京都,渋谷区,渋谷１−２４−１２,,東京都渋谷区渋谷１−２４−１２,東京都渋谷区渋谷１−２４−１２,03-5466-1111,35.6599006652832,139.70216369628906,https://map.yahoo.co.jp/search?q=東京都渋谷区渋谷１−２４−１２
1,0,6000000021,,ビックカメラ池袋カメラパソコン館,レジカウンター,ビックカメラ池袋カメラパソコン館　レジカウンター,13,東京都,豊島区,東池袋１−６−７,,東京都豊島区東池袋１−６−７,東京都豊島区東池袋１−６−７,03-5956-1111,35.73159408569336,139.71353149414062,https://map.yahoo.co.jp/search?q=東京都豊島区東池袋１−６−７
1,0,6000000154,,ビックカメラ有楽町店,レジカウンター,ビックカメラ有楽町店　レジカウンター,13,東京都,千代田区,有楽町１−１１−１,,東京都千代田区有楽町１−１１−１,東京都千代田区有楽町１−１１−１,03-5221-1111,35.67538833618164,139.76287841796875,https://map.yahoo.co.jp/search?q=東京都千代田区有楽町１−１１−１
1,0,6000000235,,ビックカメラ新宿西口店,レジカウンター,ビックカメラ新宿西口店　レジカウンター,13,東京都,新宿区,西新宿１−５−１,小田急ハルク,東京都新宿区西新宿１−５−１小田急ハルク,東京都新宿区西新宿１−５−１,03-5326-1111,35.69260025024414,139.69911193847656,https://map.yahoo.co.jp/search?q=東京都新宿区西新宿１−５−１
1,0,6000000239,,ビックカメラ池袋西口店,レジカウンター,ビックカメラ池袋西口店　レジカウンター,13,東京都,豊島区,西池袋１−１６−３,,東京都豊島区西池袋１−１６−３,東京都豊島区西池袋１−１６−３,03-5960-1111,35.73074722290039,139.70889282226562,https://map.yahoo.co.jp/search?q=東京都豊島区西池袋１−１６−３
1,0,6000000248,,ビックカメラ立川店,レジカウンター,ビックカメラ立川店　レジカウンター,13,東京都,立川市,曙町２−１２−２,,東京都立川市曙町２−１２−２,東京都立川市曙町２−１２−２,042-548-1111,35.69932174682617,139.41433715820312,https://map.yahoo.co.jp/search?q=東京都立川市曙町２−１２−２
1,0,6000000297,,カメラのさくらや,２号店,カメラのさくらや　２号店,13,東京都,杉並区,上荻１−１６−３,,東京都杉並区上荻１−１６−３,東京都杉並区上荻１−１６−３,03-3391-1230,35.705299377441406,139.61923217773438,https://map.yahoo.co.jp/search?q=東京都杉並区上荻１−１６−３
1,0,6000000318,,ビックカメラ新宿東口駅前店,レジカウンター,ビックカメラ新宿東口駅前店　レジカウンター,13,東京都,新宿区,新宿３−２６−１０,,東京都新宿区新宿３−２６−１０,東京都新宿区新宿３−２６−１０,03-5312-1111,35.69206619262695,139.70184326171875,https://map.yahoo.co.jp/search?q=東京都新宿区新宿３−２６−１０
1,0,6000000319,,ビックカメラＪＲ八王子駅店,レジカウンター,ビックカメラＪＲ八王子駅店　レジカウンター,13,東京都,八王子市,旭町１−１７,セレオ八王子南館（ＪＲ八王子駅ビル）,東京都八王子市旭町１−１７セレオ八王子南館（ＪＲ八王子駅ビル）,東京都八王子市旭町１−１７,042-646-1111,35.65579605102539,139.33621215820312,https://map.yahoo.co.jp/search?q=東京都八王子市旭町１−１７
1,0,6000000324,,ビックカメラ新宿東口店,レジカウンター,ビックカメラ新宿東口店　レジカウンター,13,東京都,新宿区,新宿３−２９−１,,東京都新宿区新宿３−２９−１,東京都新宿区新宿３−２９−１,03-3226-1111,35.6911506652832,139.70327758789062,https://map.yahoo.co.jp/search?q=東京都新宿区新宿３−２９−１
1,0,6000000325,,三宝カメラ（株）,,三宝カメラ（株）　,13,東京都,世田谷区,奥沢６−１９−２１,,東京都世田谷区奥沢６−１９−２１,東京都世田谷区奥沢６−１９−２１,03-6432-2725,35.60358810424805,139.66542053222656,https://map.yahoo.co.jp/search?q=東京都世田谷区奥沢６−１９−２１
1,0,6000000326,,ビックカメラ赤坂見附駅店,レジカウンター,ビックカメラ赤坂見附駅店　レジカウンター,13,東京都,港区,赤坂３−１−６,東京メトロ赤坂見附駅ビル,東京都港区赤坂３−１−６東京メトロ赤坂見附駅ビル,東京都港区赤坂３−１−６,03-6230-1111,35.67710494995117,139.73681640625,https://map.yahoo.co.jp/search?q=東京都港区赤坂３−１−６
1,0,6000000351,,Ａｉｒ　ＢＩＣ　ＣＡＭＥＲＡ　アクアシティお台場店,レジカウンター,Ａｉｒ　ＢＩＣ　ＣＡＭＥＲＡ　アクアシティお台場店　レジカウンター,13,東京都,港区,台場１−７−１,アクアシティーお台場４階,東京都港区台場１−７−１アクアシティーお台場４階,東京都港区台場１−７−１,03-5564-7111,35.627803802490234,139.77359008789062,https://map.yahoo.co.jp/search?q=東京都港区台場１−７−１
1,0,6000000352,,ビックカメラＡＫＩＢＡ,レジカウンター,ビックカメラＡＫＩＢＡ　レジカウンター,13,東京都,千代田区,外神田４−１−１,,東京都千代田区外神田４−１−１,東京都千代田区外神田４−１−１,03-6260-8111,35.69973373413086,139.7716064453125,https://map.yahoo.co.jp/search?q=東京都千代田区外神田４−１−１
1,0,6000000353,,ビックカメラ京王調布店,レジカウンター,ビックカメラ京王調布店　レジカウンター,13,東京都,調布市,小島町２−４８−６,トリエ京王調布　Ｂ館　１〜４階,東京都調布市小島町２−４８−６トリエ京王調布　Ｂ館　１〜４階,東京都調布市小島町２−４８−６,042-444-1111,35.65180969238281,139.5427703857422,https://map.yahoo.co.jp/search?q=東京都調布市小島町２−４８−６
1,0,6000000363,,Ａｉｒ　ＢＩＣ　ＣＡＭＥＲＡ　ダイバーシティ東京プラザ店,レジカウンター,Ａｉｒ　ＢＩＣ　ＣＡＭＥＲＡ　ダイバーシティ東京プラザ店　レジカウンター,13,東京都,江東区,青海１−１−１０,ダイバーシティ東京プラザ２Ｆ,東京都江東区青海１−１−１０ダイバーシティ東京プラザ２Ｆ,東京都江東区青海１−１−１０,03-5579-6111,35.625083923339844,139.77407836914062,https://map.yahoo.co.jp/search?q=東京都江東区青海１−１−１０
1,0,6000000365,,ビックカメラ日本橋三越,レジカウンター,ビックカメラ日本橋三越　レジカウンター,13,東京都,中央区,日本橋室町１−４−１,日本橋三越本店　新館６Ｆ,東京都中央区日本橋室町１−４−１日本橋三越本店　新館６Ｆ,東京都中央区日本橋室町１−４−１,03-5542-1111,35.685176849365234,139.77297973632812,https://map.yahoo.co.jp/search?q=東京都中央区日本橋室町１−４−１
1,0,6000000373,,Ａｉｒ　ＢｉｃＣａｍｅｒａ　東京スカイツリータウン・ソラマチ店,レジカウンター,Ａｉｒ　ＢｉｃＣａｍｅｒａ　東京スカイツリータウン・ソラマチ店　レジカウンター,13,東京都,墨田区,押上１−１−２,タワーヤード３Ｆ,東京都墨田区押上１−１−２タワーヤード３Ｆ,東京都墨田区押上１−１−２,03-5610-7111,35.7100830078125,139.80860900878906,https://map.yahoo.co.jp/search?q=東京都墨田区押上１−１−２
1,0,6000000382,,ビック酒販　お酒屋吉祥寺店,レジカウンター,ビック酒販　お酒屋吉祥寺店　レジカウンター,13,東京都,武蔵野市,吉祥寺本町１−７−６,,東京都武蔵野市吉祥寺本町１−７−６,東京都武蔵野市吉祥寺本町１−７−６,0422-29-3731,35.70435333251953,139.57815551757812,https://map.yahoo.co.jp/search?q=東京都武蔵野市吉祥寺本町１−７−６
1,0,6000000383,,Ａｉｒ　Ｂｉｃ　Ｃａｍｅｒａ　銀座店,レジカウンター,Ａｉｒ　Ｂｉｃ　Ｃａｍｅｒａ　銀座店　レジカウンター,13,東京都,中央区,銀座１−９−１３,プライム銀座柳通りビル１階,東京都中央区銀座１−９−１３プライム銀座柳通りビル１階,東京都中央区銀座１−９−１３,03-5915-4780,35.67351531982422,139.76837158203125,https://map.yahoo.co.jp/search?q=東京都中央区銀座１−９−１３
1,0,6500001253,,（株）イトーヨーカ堂,武蔵小金井店,（株）イトーヨーカ堂　武蔵小金井店,13,東京都,小金井市,本町６−１４−９,,東京都小金井市本町６−１４−９,東京都小金井市本町６−１４−９,042-382-1211,35.7000846862793,139.5054473876953,https://map.yahoo.co.jp/search?q=東京都小金井市本町６−１４−９
1,0,7000000437,,愛知金物建材（株）,,愛知金物建材（株）　,13,東京都,町田市,木曽西３−１２−１６,,東京都町田市木曽西３−１２−１６,東京都町田市木曽西３−１２−１６,042-791-1100,35.574520111083984,139.41741943359375,https://map.yahoo.co.jp/search?q=東京都町田市木曽西３−１２−１６
1,0,7000001337,,（株）岩佐商会,本店,（株）岩佐商会　本店,13,東京都,目黒区,目黒２−１１−１０,Ｊパーク目黒１Ｆ,東京都目黒区目黒２−１１−１０Ｊパーク目黒１Ｆ,東京都目黒区目黒２−１１−１０,03-3492-0103,35.633697509765625,139.7079315185547,https://map.yahoo.co.jp/search?q=東京都目黒区目黒２−１１−１０
1,0,8500009105,,（株）ワールドスポーツ,キャスティング八王子店,（株）ワールドスポーツ　キャスティング八王子店,13,東京都,八王子市,緑町９２７−１,,東京都八王子市緑町９２７−１,東京都八王子市緑町９２７−１,042-620-5581,35.64741897583008,139.33514404296875,https://map.yahoo.co.jp/search?q=東京都八王子市緑町９２７−１
1,1,9900019050,,清瀬市,市民環境部　環境課,清瀬市　市民環境部　環境課,13,東京都,清瀬市,中里５−８４２,清瀬市役所　環境課,東京都清瀬市中里５−８４２清瀬市役所　環境課,東京都清瀬市中里５−８４２,042-493-3750,35.78556823730469,139.52655029296875,https://map.yahoo.co.jp/search?q=東京都清瀬市中里５−８４２
1,1,9900019217,,小平市,リサイクルセンター,小平市　リサイクルセンター,13,東京都,小平市,小川東町５−１９−１０,,東京都小平市小川東町５−１９−１０,東京都小平市小川東町５−１９−１０,042-346-9535,35.73358154296875,139.4741668701172,https://map.yahoo.co.jp/search?q=東京都小平市小川東町５−１９−１０
1,1,9900019218,,小平市,市役所,小平市　市役所,13,東京都,小平市,小川町２−１３３３,,東京都小平市小川町２−１３３３,東京都小平市小川町２−１３３３,042-346-9535,35.72932052612305,139.4769287109375,https://map.yahoo.co.jp/search?q=東京都小平市小川町２−１３３３
1,1,9900019219,,小平市,東部出張所,小平市　東部出張所,13,東京都,小平市,花小金井１−８−１,,東京都小平市花小金井１−８−１,東京都小平市花小金井１−８−１,042-346-9535,35.72748565673828,139.51353454589844,https://map.yahoo.co.jp/search?q=東京都小平市花小金井１−８−１
1,1,9900019220,,小平市,西部出張所,小平市　西部出張所,13,東京都,小平市,小川西町４−１０−１３,,東京都小平市小川西町４−１０−１３,東京都小平市小川西町４−１０−１３,042-346-9535,35.73512649536133,139.4620361328125,https://map.yahoo.co.jp/search?q=東京都小平市小川西町４−１０−１３
1,1,9900019260,,東久留米市,ごみ対策課,東久留米市　ごみ対策課,13,東京都,東久留米市,八幡町２−１０−１０,,東京都東久留米市八幡町２−１０−１０,東京都東久留米市八幡町２−１０−１０,042-473-2117,35.75205612182617,139.50965881347656,https://map.yahoo.co.jp/search?q=東京都東久留米市八幡町２−１０−１０
1,1,9900019290,,杉並区,杉並区役所ごみ減量対策課,杉並区　杉並区役所ごみ減量対策課,13,東京都,杉並区,阿佐谷南１−１５−１,西棟７Ｆ,東京都杉並区阿佐谷南１−１５−１西棟７Ｆ,東京都杉並区阿佐谷南１−１５−１,03-3312-2111,35.69920349121094,139.63650512695312,https://map.yahoo.co.jp/search?q=東京都杉並区阿佐谷南１−１５−１
1,1,9900019291,,杉並区,杉並清掃事務所,杉並区　杉並清掃事務所,13,東京都,杉並区,成田東５−１５−２０,,東京都杉並区成田東５−１５−２０,東京都杉並区成田東５−１５−２０,03-3392-7281,35.70231246948242,139.6287841796875,https://map.yahoo.co.jp/search?q=東京都杉並区成田東５−１５−２０
1,1,9900019292,,杉並区,杉並清掃事務所方南支所,杉並区　杉並清掃事務所方南支所,13,東京都,杉並区,方南１−３−４,,東京都杉並区方南１−３−４,東京都杉並区方南１−３−４,03-3323-4571,35.673946380615234,139.66012573242188,https://map.yahoo.co.jp/search?q=東京都杉並区方南１−３−４
1,1,9900019293,,杉並区,杉並清掃事務所高円寺車庫,杉並区　杉並清掃事務所高円寺車庫,13,東京都,杉並区,高円寺南２−３６−３１,,東京都杉並区高円寺南２−３６−３１,東京都杉並区高円寺南２−３６−３１,03-3317-6771,35.699745178222656,139.6544952392578,https://map.yahoo.co.jp/search?q=東京都杉並区高円寺南２−３６−３１
1,1,9900019294,,杉並区,環境活動推進センター（リサイクルひろば高井戸）,杉並区　環境活動推進センター（リサイクルひろば高井戸）,13,東京都,杉並区,高井戸東３−７−４,,東京都杉並区高井戸東３−７−４,東京都杉並区高井戸東３−７−４,03-5336-7352,35.683448791503906,139.61595153808594,https://map.yahoo.co.jp/search?q=東京都杉並区高井戸東３−７−４
1,1,9900019436,,東大和市,役所　環境対策課ごみ減量係,東大和市　役所　環境対策課ごみ減量係,13,東京都,東大和市,中央３−９３０,,東京都東大和市中央３−９３０,東京都東大和市中央３−９３０,042-563-2111,35.745262145996094,139.42649841308594,https://map.yahoo.co.jp/search?q=東京都東大和市中央３−９３０
1,1,9900019464,,西東京市,エコプラザ西東京,西東京市　エコプラザ西東京,13,東京都,西東京市,泉町３−１２−３５,エコプラザ西東京,東京都西東京市泉町３−１２−３５エコプラザ西東京,東京都西東京市泉町３−１２−３５,042-438-4043,35.741111755371094,139.55711364746094,https://map.yahoo.co.jp/search?q=東京都西東京市泉町３−１２−３５
1,1,9900019516,,東久留米市,役所　本庁舎,東久留米市　役所　本庁舎,13,東京都,東久留米市,本町３−３−１,,東京都東久留米市本町３−３−１,東京都東久留米市本町３−３−１,042-473-2117,35.758628845214844,139.5297088623047,https://map.yahoo.co.jp/search?q=東京都東久留米市本町３−３−１
1,1,9900019561,,小平市,中央図書館,小平市　中央図書館,13,東京都,小平市,小川町２−１３２５,,東京都小平市小川町２−１３２５,東京都小平市小川町２−１３２５,042-346-9535,35.72860336303711,139.474609375,https://map.yahoo.co.jp/search?q=東京都小平市小川町２−１３２５
1,1,9900019562,,小平市,上宿図書館,小平市　上宿図書館,13,東京都,小平市,小川町１−３４５,,東京都小平市小川町１−３４５,東京都小平市小川町１−３４５,042-346-9535,35.730995178222656,139.4388885498047,https://map.yahoo.co.jp/search?q=東京都小平市小川町１−３４５
1,1,9900019563,,小平市,喜平図書館,小平市　喜平図書館,13,東京都,小平市,喜平町３−３−１８,,東京都小平市喜平町３−３−１８,東京都小平市喜平町３−３−１８,042-346-9535,35.71710205078125,139.49037170410156,https://map.yahoo.co.jp/search?q=東京都小平市喜平町３−３−１８
1,1,9900019564,,小平市,津田図書館,小平市　津田図書館,13,東京都,小平市,津田町３−１１−１,,東京都小平市津田町３−１１−１,東京都小平市津田町３−１１−１,042-346-9535,35.72086715698242,139.47003173828125,https://map.yahoo.co.jp/search?q=東京都小平市津田町３−１１−１
1,1,9900019565,,小平市,仲町図書館,小平市　仲町図書館,13,東京都,小平市,仲町１４５,,東京都小平市仲町１４５,東京都小平市仲町１４５,042-346-9535,35.731597900390625,139.4835662841797,https://map.yahoo.co.jp/search?q=東京都小平市仲町１４５
1,1,9900019566,,小平市,大沼図書館,小平市　大沼図書館,13,東京都,小平市,大沼町７−１−１７,,東京都小平市大沼町７−１−１７,東京都小平市大沼町７−１−１７,042-346-9535,35.73396682739258,139.4964141845703,https://map.yahoo.co.jp/search?q=東京都小平市大沼町７−１−１７
1,1,9900019606,,中野区,役所,中野区　役所,13,東京都,中野区,中野４−１１−１９,,東京都中野区中野４−１１−１９,東京都中野区中野４−１１−１９,03-3389-1111,35.7091178894043,139.66261291503906,https://map.yahoo.co.jp/search?q=東京都中野区中野４−１１−１９
1,1,9900019733,,三鷹市,リサイクル市民工房,三鷹市　リサイクル市民工房,13,東京都,三鷹市,深大寺２−１６−１３,,東京都三鷹市深大寺２−１６−１３,東京都三鷹市深大寺２−１６−１３,0422-34-3196,35.68922424316406,139.54257202148438,https://map.yahoo.co.jp/search?q=東京都三鷹市深大寺２−１６−１３
1,1,9900019932,,調布市,クリーンセンター,調布市　クリーンセンター,13,東京都,調布市,野水２−１−１,,東京都調布市野水２−１−１,東京都調布市野水２−１−１,042-306-8200,35.686805725097656,139.52244567871094,https://map.yahoo.co.jp/search?q=東京都調布市野水２−１−１
1,1,9900019933,,調布市,市役所２階ごみ対策課窓口,調布市　市役所２階ごみ対策課窓口,13,東京都,調布市,小島町２−３５−１,,東京都調布市小島町２−３５−１,東京都調布市小島町２−３５−１,042-306-8781,35.65059280395508,139.5408935546875,https://map.yahoo.co.jp/search?q=東京都調布市小島町２−３５−１
1,1,9900019972,,杉並区,阿佐谷地域区民センター,杉並区　阿佐谷地域区民センター,13,東京都,杉並区,阿佐谷北１−１−１,,東京都杉並区阿佐谷北１−１−１,東京都杉並区阿佐谷北１−１−１,03-5356-9501,35.70555114746094,139.6409912109375,https://map.yahoo.co.jp/search?q=東京都杉並区阿佐谷北１−１−１
1,1,9900019973,,杉並区,井草地域区民センター,杉並区　井草地域区民センター,13,東京都,杉並区,下井草５−７−２２,,東京都杉並区下井草５−７−２２,東京都杉並区下井草５−７−２２,03-3301-7720,35.7205810546875,139.6168975830078,https://map.yahoo.co.jp/search?q=東京都杉並区下井草５−７−２２
1,1,9900019974,,杉並区,永福和泉地域区民センター,杉並区　永福和泉地域区民センター,13,東京都,杉並区,和泉３−８−１８,,東京都杉並区和泉３−８−１８,東京都杉並区和泉３−８−１８,03-5300-9411,35.67586135864258,139.6460723876953,https://map.yahoo.co.jp/search?q=東京都杉並区和泉３−８−１８
1,1,9900019976,,杉並区,高井戸地域区民センター,杉並区　高井戸地域区民センター,13,東京都,杉並区,高井戸東３−７−５,高井戸市民センター,東京都杉並区高井戸東３−７−５高井戸市民センター,東京都杉並区高井戸東３−７−５,03-3331-7841,35.683448791503906,139.61595153808594,https://map.yahoo.co.jp/search?q=東京都杉並区高井戸東３−７−５
1,1,9900019977,,杉並区,西荻地域区民センター,杉並区　西荻地域区民センター,13,東京都,杉並区,桃井４−３−２,,東京都杉並区桃井４−３−２,東京都杉並区桃井４−３−２,03-3301-0811,35.71222686767578,139.6022186279297,https://map.yahoo.co.jp/search?q=東京都杉並区桃井４−３−２
1,1,9900029010,,柳泉園組合,,柳泉園組合　,13,東京都,東久留米市,下里４−３−１０,,東京都東久留米市下里４−３−１０,東京都東久留米市下里４−３−１０,042-470-1555,35.75446319580078,139.49424743652344,https://map.yahoo.co.jp/search?q=東京都東久留米市下里４−３−１０
1,1,9900029030,,瑞穂町,みずほリサイクルプラザ,瑞穂町　みずほリサイクルプラザ,13,東京都,西多摩郡,瑞穂町大字箱根ケ崎１７２３,,東京都西多摩郡瑞穂町大字箱根ケ崎１７２３,東京都西多摩郡瑞穂町大字箱根ケ崎１７２３,042-557-5364,35.76836013793945,139.34320068359375,https://map.yahoo.co.jp/search?q=東京都西多摩郡瑞穂町大字箱根ケ崎１７２３
1,1,9900029124,,調布市,北部公民館,調布市　北部公民館,13,東京都,調布市,柴崎２−５−１８,,東京都調布市柴崎２−５−１８,東京都調布市柴崎２−５−１８,042-488-2698,35.66111373901367,139.5628662109375,https://map.yahoo.co.jp/search?q=東京都調布市柴崎２−５−１８
1,1,9900029161,,杉並区,高円寺地域区民センター,杉並区　高円寺地域区民センター,13,東京都,杉並区,梅里１−２２−３２,セシオン杉並,東京都杉並区梅里１−２２−３２セシオン杉並,東京都杉並区梅里１−２２−３２,03-3317-6611,35.69663619995117,139.654296875,https://map.yahoo.co.jp/search?q=東京都杉並区梅里１−２２−３２
1,1,9900029199,,【離島】大島町,水道環境課　生活環境係,【離島】大島町　水道環境課　生活環境係,13,東京都,大島町,元町１−１−１４,,東京都大島町元町１−１−１４,東京都大島町元町１−１−１４,04992-2-1478,34.750118255615234,139.35528564453125,https://map.yahoo.co.jp/search?q=東京都大島町元町１−１−１４
1,1,9900029285,,文京区,リサイクル清掃課,文京区　リサイクル清掃課,13,東京都,文京区,春日１−１６−２１　文京シビックセンター１７階,リサイクル清掃課　窓口,東京都文京区春日１−１６−２１　文京シビックセンター１７階リサイクル清掃課　窓口,東京都文京区春日１−１６−２１　文京シビックセンター１７階,03-5803-1184,35.708335876464844,139.75241088867188,https://map.yahoo.co.jp/search?q=東京都文京区春日１−１６−２１　文京シビックセンター１７階
1,1,9900029286,,文京区,播磨坂清掃事業所,文京区　播磨坂清掃事業所,13,東京都,文京区,小石川５−４０−２１　２階窓口,,東京都文京区小石川５−４０−２１　２階窓口,東京都文京区小石川５−４０−２１　２階窓口,03-5803-7751,35.7171516418457,139.7429656982422,https://map.yahoo.co.jp/search?q=東京都文京区小石川５−４０−２１　２階窓口
1,1,9900029288,,中野区,リサイクル展示室,中野区　リサイクル展示室,13,東京都,中野区,松が丘１−６−３,,東京都中野区松が丘１−６−３,東京都中野区松が丘１−６−３,03-3228-5555,35.71760940551758,139.6694793701172,https://map.yahoo.co.jp/search?q=東京都中野区松が丘１−６−３
1,1,9900029289,,文京区,文京清掃事務所,文京区　文京清掃事務所,13,東京都,文京区,後楽１−７−２９,,東京都文京区後楽１−７−２９,東京都文京区後楽１−７−２９,03-3813-6661,35.705326080322266,139.74755859375,https://map.yahoo.co.jp/search?q=東京都文京区後楽１−７−２９
1,1,9900029465,,杉並区,大宮前体育館,杉並区　大宮前体育館,13,東京都,杉並区,南荻窪２ー１ー１,,東京都杉並区南荻窪２ー１ー１,東京都杉並区南荻窪２ー１ー１,03-3334-4618,35.696514,139.61058,https://map.yahoo.co.jp/search?q=東京都杉並区南荻窪２ー１ー１
