自治体ID,自治体名,row_no,行種別,施設名,所在地,備考,施設URL,自治体ホームページURL,セクション順
chiyoda,千代田区,1,回収拠点,千代田区役所5階環境政策課窓口,九段南1-2-1,月曜日～金曜日（閉庁日は、土曜日・日曜日・祝日、12月29日～翌年1月3日）午前8時30分～午後5時,,https://www.city.chiyoda.lg.jp/koho/kurashi/gomi/stockyards.html,1
chiyoda,千代田区,2,回収拠点,麹町出張所ストックヤード,麹町2-8,月曜日～金曜日（閉庁日は、土曜日・日曜日・祝日、12月29日～翌年1月3日）午前8時30分～午後5時,,https://www.city.chiyoda.lg.jp/koho/kurashi/gomi/stockyards.html,1
chiyoda,千代田区,3,回収拠点,富士見出張所ストックヤード,富士見1-6-7,月曜日～金曜日（閉庁日は、土曜日・日曜日・祝日、12月29日～翌年1月3日）午前8時30分～午後5時,,https://www.city.chiyoda.lg.jp/koho/kurashi/gomi/stockyards.html,1
chiyoda,千代田区,4,回収拠点,神田公園出張所ストックヤード,神田司町2-2,月曜日～金曜日（閉庁日は、土曜日・日曜日・祝日、12月29日～翌年1月3日）午前8時30分～午後5時,,https://www.city.chiyoda.lg.jp/koho/kurashi/gomi/stockyards.html,1
chiyoda,千代田区,5,回収拠点,和泉橋出張所ストックヤード,神田佐久間町1-11-7,月曜日～金曜日（閉庁日は、土曜日・日曜日・祝日、12月29日～翌年1月3日）午前8時30分～午後5時,,https://www.city.chiyoda.lg.jp/koho/kurashi/gomi/stockyards.html,1
chiyoda,千代田区,6,回収拠点,西神田コスモス館ストックヤード,西神田2-6-2西神田コスモス館地下1階,毎日（12月29日～翌年1月3日を除く）午前7時～午後10時,,https://www.city.chiyoda.lg.jp/koho/kurashi/gomi/stockyards.html,1
chiyoda,千代田区,7,回収拠点,千代田清掃事務所,外神田1-1-6,月曜日～土曜日（12月31日～翌年1月3日を除く）午前7時40分～午後5時（土曜日・祝日、12月29日・30日＝午後4時まで）,,https://www.city.chiyoda.lg.jp/koho/kurashi/gomi/stockyards.html,1
chiyoda,千代田区,8,回収拠点,千代田清掃事務所飯田橋車庫,飯田橋3-13-2,月曜日～土曜日（12月29日～1月3日を除く）午前7時40分～午後4時,,https://www.city.chiyoda.lg.jp/koho/kurashi/gomi/stockyards.html,1
chiyoda,千代田区,9,回収拠点,リサイクルセンター鎌倉橋,内神田2-1-8スポーツセンター地下1階,毎月1日～25日（閉庁日は月曜日、26日～月末、1月1日～4日）午前10時～午後6時,,https://www.city.chiyoda.lg.jp/koho/kurashi/gomi/stockyards.html,1
chuo,中央区,1,回収拠点,明石小学校,明石町1番15号,毎週土曜日の午前9時30分から午前11時30分まで,,https://www.city.chuo.lg.jp/a0039/kurashi/gomi/kyoten/kyoten.html,2
chuo,中央区,2,回収拠点,中央清掃事務所,京橋一丁目19番6号,毎週土曜日の午前9時30分から午前11時30分まで,,https://www.city.chuo.lg.jp/a0039/kurashi/gomi/kyoten/kyoten.html,2
chuo,中央区,3,回収拠点,泰明小学校,銀座五丁目1番13号,毎週土曜日の午前9時30分から午前11時30分まで,,https://www.city.chuo.lg.jp/a0039/kurashi/gomi/kyoten/kyoten.html,2
chuo,中央区,4,回収拠点,銀座中学校,銀座八丁目19番15号,毎週土曜日の午前9時30分から午前11時30分まで,,https://www.city.chuo.lg.jp/a0039/kurashi/gomi/kyoten/kyoten.html,2
chuo,中央区,5,回収拠点,明正小学校,新川二丁目13番4号,毎週土曜日の午前9時30分から午前11時30分まで,,https://www.city.chuo.lg.jp/a0039/kurashi/gomi/kyoten/kyoten.html,2
chuo,中央区,6,回収拠点,京橋築地小学校,築地二丁目13番1号,毎週土曜日の午前9時30分から午前11時30分まで,,https://www.city.chuo.lg.jp/a0039/kurashi/gomi/kyoten/kyoten.html,2
chuo,中央区,7,回収拠点,中央小学校,湊一丁目4番1号,毎週土曜日の午前9時30分から午前11時30分まで,,https://www.city.chuo.lg.jp/a0039/kurashi/gomi/kyoten/kyoten.html,2
chuo,中央区,8,回収拠点,有馬小学校,蛎殻町二丁目10番23号,毎週土曜日の午前9時00分から午前11時00分まで,,https://www.city.chuo.lg.jp/a0039/kurashi/gomi/kyoten/kyoten.html,2
chuo,中央区,9,回収拠点,阪本小学校,兜町15番18号,毎週土曜日の午前9時00分から午前11時00分まで,,https://www.city.chuo.lg.jp/a0039/kurashi/gomi/kyoten/kyoten.html,2
chuo,中央区,10,回収拠点,日本橋小学校,人形町一丁目1番17号,毎週土曜日の午前9時00分から午前11時00分まで,,https://www.city.chuo.lg.jp/a0039/kurashi/gomi/kyoten/kyoten.html,2
chuo,中央区,11,回収拠点,日本橋中学校,東日本橋一丁目10番1号,毎週土曜日の午前9時00分から午前11時00分まで 令和7年7月5日から校舎建替工事終了まで産業会館（東日本橋二丁目22番4号）で実施,,https://www.city.chuo.lg.jp/a0039/kurashi/gomi/kyoten/kyoten.html,2
chuo,中央区,12,回収拠点,産業会館,東日本橋二丁目22番4号,毎週土曜日の午前9時00分から午前11時00分まで 令和7年7月5日から日本橋中学校校舎建替工事終了まで実施,,https://www.city.chuo.lg.jp/a0039/kurashi/gomi/kyoten/kyoten.html,2
chuo,中央区,13,回収拠点,久松小学校,久松町7番2号,毎週土曜日の午前9時00分から午前11時00分まで,,https://www.city.chuo.lg.jp/a0039/kurashi/gomi/kyoten/kyoten.html,2
chuo,中央区,14,回収拠点,常盤小学校,本石町四丁目4番26号,毎週土曜日の午前9時00分から午前11時00分まで,,https://www.city.chuo.lg.jp/a0039/kurashi/gomi/kyoten/kyoten.html,2
chuo,中央区,15,回収拠点,月島第二小学校,勝どき一丁目12番2号,毎週土曜日の午前10時00分から午前12時00分まで,,https://www.city.chuo.lg.jp/a0039/kurashi/gomi/kyoten/kyoten.html,2
chuo,中央区,16,回収拠点,佃島小学校,佃二丁目3番1号,毎週土曜日の午前10時00分から午前12時00分まで,,https://www.city.chuo.lg.jp/a0039/kurashi/gomi/kyoten/kyoten.html,2
chuo,中央区,17,回収拠点,月島第一小学校,月島四丁目15番1号,毎週土曜日の午前10時00分から午前12時00分まで,,https://www.city.chuo.lg.jp/a0039/kurashi/gomi/kyoten/kyoten.html,2
chuo,中央区,18,回収拠点,豊海小学校,豊海町3番2号,毎週土曜日の午前10時00分から午前12時00分まで,,https://www.city.chuo.lg.jp/a0039/kurashi/gomi/kyoten/kyoten.html,2
chuo,中央区,19,回収拠点,月島第三小学校,晴海一丁目4番1号,毎週土曜日の午前10時00分から午前12時00分まで,,https://www.city.chuo.lg.jp/a0039/kurashi/gomi/kyoten/kyoten.html,2
chuo,中央区,20,回収拠点,晴海西小学校,晴海五丁目3番5号,毎週土曜日の午前10時00分から午前12時00分まで,,https://www.city.chuo.lg.jp/a0039/kurashi/gomi/kyoten/kyoten.html,2
minato,港区,1,回収拠点,みなとリサイクル清掃事務所,港南三丁目9-59,,,https://www.city.minato.tokyo.jp/gomigenryou/kurashi/gomi/kate/kyoten/kuyushisetsu.html,3
minato,港区,2,回収拠点,みなとリサイクル清掃事務所作業連絡所,元麻布三丁目9-6,,,https://www.city.minato.tokyo.jp/gomigenryou/kurashi/gomi/kate/kyoten/kuyushisetsu.html,3
minato,港区,3,回収拠点,港区立エコプラザ,浜松町一丁目13-1,,,https://www.city.minato.tokyo.jp/gomigenryou/kurashi/gomi/kate/kyoten/kuyushisetsu.html,3
shinjuku,新宿区,1,回収拠点,新宿リサイクル活動センター,高田馬場4-10-2,9:00~17:00 ※月曜定休（ただし、国民の祝日に当たる月曜日は開館し、翌平日が振替休館日となります。）,,https://www.city.shinjuku.lg.jp/kankyo/gomi01_000001_00024.html,4
shinjuku,新宿区,2,回収拠点,西早稲田リサイクル活動センター,西早稲田3-19-5,10:00~17:00 ※月曜定休（ただし、国民の祝日に当たる月曜日は開館し、翌平日が振替休館日となります。）,,https://www.city.shinjuku.lg.jp/kankyo/gomi01_000001_00024.html,4
shinjuku,新宿区,3,回収拠点,ヨークフーズ早稲田店,早稲田町７４,民間施設,https://www.york-inc.com/store/waseda.html,https://www.city.shinjuku.lg.jp/kankyo/gomi01_000001_00024.html,4
shinjuku,新宿区,4,回収拠点,ヨークフーズ with ザ・ガーデン自由が丘新宿富久店,富久町１７−２,民間施設,https://www.york-inc.com/store/sinjyukumisato.html,https://www.city.shinjuku.lg.jp/kankyo/gomi01_000001_00024.html,4
shinjuku,新宿区,5,回収拠点,ヨークフーズ with ザ・ガーデン自由が丘西落合店,西落合１丁目１９−３,民間施設,https://www.york-inc.com/store/nishiochiai.html,https://www.city.shinjuku.lg.jp/kankyo/gomi01_000001_00024.html,4
bunkyo,文京区,1,説明,,,表形式の回収拠点一覧なし,,https://www.city.bunkyo.lg.jp/b038/p001035.html,5
taito,台東区,1,回収拠点,台東地区センター（いきいきプラザ）,台東1丁目25番5号,第４木曜日午前９時～正午,,https://www.city.taito.lg.jp/kurashi/gomi/wakekata/shigenjoho/kyotenkaishu/haishokuyu.html,6
taito,台東区,2,回収拠点,台東区役所庁舎,東上野4丁目5番6号,第４木曜日午前９時～正午,,https://www.city.taito.lg.jp/kurashi/gomi/wakekata/shigenjoho/kyotenkaishu/haishokuyu.html,6
taito,台東区,3,回収拠点,上野地区センター,池之端1丁目1番12号,第４木曜日午前９時～正午,,https://www.city.taito.lg.jp/kurashi/gomi/wakekata/shigenjoho/kyotenkaishu/haishokuyu.html,6
taito,台東区,4,回収拠点,入谷地区センター,入谷1丁目15番6号,第４木曜日午前９時～正午,,https://www.city.taito.lg.jp/kurashi/gomi/wakekata/shigenjoho/kyotenkaishu/haishokuyu.html,6
taito,台東区,5,回収拠点,ケアハウス松が谷,松が谷4丁目4番3号,第４木曜日午前９時～正午,,https://www.city.taito.lg.jp/kurashi/gomi/wakekata/shigenjoho/kyotenkaishu/haishokuyu.html,6
taito,台東区,6,回収拠点,西部区民事務所,下谷3丁目1番30号,第４木曜日午前９時～正午,,https://www.city.taito.lg.jp/kurashi/gomi/wakekata/shigenjoho/kyotenkaishu/haishokuyu.html,6
taito,台東区,7,回収拠点,三ノ輪福祉センター,三ノ輪1丁目27番11号,第４木曜日午前９時～正午,,https://www.city.taito.lg.jp/kurashi/gomi/wakekata/shigenjoho/kyotenkaishu/haishokuyu.html,6
taito,台東区,8,回収拠点,特別養護老人ホーム竜泉,竜泉２丁目10番８号,第４木曜日午前９時～正午 新設,,https://www.city.taito.lg.jp/kurashi/gomi/wakekata/shigenjoho/kyotenkaishu/haishokuyu.html,6
taito,台東区,9,回収拠点,谷中防災コミュニティセンター （西部区民事務所谷中分室）,谷中5丁目6番5号,第４木曜日午前９時～正午,,https://www.city.taito.lg.jp/kurashi/gomi/wakekata/shigenjoho/kyotenkaishu/haishokuyu.html,6
taito,台東区,10,回収拠点,特別養護老人ホーム谷中,谷中2丁目17番20号,第４木曜日午前９時～正午,,https://www.city.taito.lg.jp/kurashi/gomi/wakekata/shigenjoho/kyotenkaishu/haishokuyu.html,6
taito,台東区,11,回収拠点,浅草橋地区センター,浅草橋2丁目8番7号,第４木曜日午前９時～正午,,https://www.city.taito.lg.jp/kurashi/gomi/wakekata/shigenjoho/kyotenkaishu/haishokuyu.html,6
taito,台東区,12,回収拠点,南部区民事務所,寿1丁目10番12号,第４木曜日午前９時～正午,,https://www.city.taito.lg.jp/kurashi/gomi/wakekata/shigenjoho/kyotenkaishu/haishokuyu.html,6
taito,台東区,13,回収拠点,環境ふれあい館ひまわり,蔵前4丁目14番6号,第４木曜日午前９時～正午,,https://www.city.taito.lg.jp/kurashi/gomi/wakekata/shigenjoho/kyotenkaishu/haishokuyu.html,6
taito,台東区,14,回収拠点,くらまえ地域包括支援センター,蔵前2丁目11番3号,第４木曜日午前９時～正午 特別養護老人ホーム蔵前から移設,,https://www.city.taito.lg.jp/kurashi/gomi/wakekata/shigenjoho/kyotenkaishu/haishokuyu.html,6
taito,台東区,15,回収拠点,雷門地区センター,浅草1丁目37番3号,第４木曜日午前９時～正午,,https://www.city.taito.lg.jp/kurashi/gomi/wakekata/shigenjoho/kyotenkaishu/haishokuyu.html,6
taito,台東区,16,回収拠点,生涯学習センター,西浅草3丁目25番16号,施設改修工事のため休止,,https://www.city.taito.lg.jp/kurashi/gomi/wakekata/shigenjoho/kyotenkaishu/haishokuyu.html,6
taito,台東区,17,回収拠点,浅草保健相談センター,花川戸2丁目11番10号,第４木曜日午前９時～正午,,https://www.city.taito.lg.jp/kurashi/gomi/wakekata/shigenjoho/kyotenkaishu/haishokuyu.html,6
taito,台東区,18,回収拠点,北部区民事務所,浅草4丁目48番1号,第４木曜日午前９時～正午,,https://www.city.taito.lg.jp/kurashi/gomi/wakekata/shigenjoho/kyotenkaishu/haishokuyu.html,6
taito,台東区,19,回収拠点,特別養護老人ホーム浅草,浅草4丁目26番2号,第４木曜日午前９時～正午,,https://www.city.taito.lg.jp/kurashi/gomi/wakekata/shigenjoho/kyotenkaishu/haishokuyu.html,6
taito,台東区,20,回収拠点,千束保健福祉センター,千束3丁目28番13号,施設改修工事のため休止,,https://www.city.taito.lg.jp/kurashi/gomi/wakekata/shigenjoho/kyotenkaishu/haishokuyu.html,6
taito,台東区,21,回収拠点,北部区民事務所清川分室,清川1丁目23番8号,第４木曜日午前９時～正午,,https://www.city.taito.lg.jp/kurashi/gomi/wakekata/shigenjoho/kyotenkaishu/haishokuyu.html,6
taito,台東区,22,回収拠点,台東清掃事務所,今戸1丁目6番26号,常設,,https://www.city.taito.lg.jp/kurashi/gomi/wakekata/shigenjoho/kyotenkaishu/haishokuyu.html,6
sumida,墨田区,1,回収拠点,ENEOS田実興産㈱両国ｽﾃｰｼｮﾝ,両国2-9-1,民間施設,,https://www.city.sumida.lg.jp/kurashi/gomi_recycle/kateikei/shigen_dashikata/sigen-kyoten.html,7
sumida,墨田区,2,回収拠点,江東橋保育園,緑4-35-9,,,https://www.city.sumida.lg.jp/kurashi/gomi_recycle/kateikei/shigen_dashikata/sigen-kyoten.html,7
sumida,墨田区,3,回収拠点,立川児童館,立川1-5-2,,,https://www.city.sumida.lg.jp/kurashi/gomi_recycle/kateikei/shigen_dashikata/sigen-kyoten.html,7
sumida,墨田区,4,回収拠点,高砂湯,立川4-11-12,民間施設,,https://www.city.sumida.lg.jp/kurashi/gomi_recycle/kateikei/shigen_dashikata/sigen-kyoten.html,7
sumida,墨田区,5,回収拠点,江東橋児童館,江東橋1-15-4,,,https://www.city.sumida.lg.jp/kurashi/gomi_recycle/kateikei/shigen_dashikata/sigen-kyoten.html,7
sumida,墨田区,6,回収拠点,㈱丸井錦糸町店,江東橋3-9-10,民間施設,,https://www.city.sumida.lg.jp/kurashi/gomi_recycle/kateikei/shigen_dashikata/sigen-kyoten.html,7
sumida,墨田区,7,回収拠点,きんし保育園,江東橋4-30-2-301,,,https://www.city.sumida.lg.jp/kurashi/gomi_recycle/kateikei/shigen_dashikata/sigen-kyoten.html,7
sumida,墨田区,8,回収拠点,亀沢保育園,亀沢1-27-5,,,https://www.city.sumida.lg.jp/kurashi/gomi_recycle/kateikei/shigen_dashikata/sigen-kyoten.html,7
sumida,墨田区,9,回収拠点,東駒形コミュニティ会館,東駒形4-14-1,,,https://www.city.sumida.lg.jp/kurashi/gomi_recycle/kateikei/shigen_dashikata/sigen-kyoten.html,7
sumida,墨田区,10,回収拠点,横川橋保育園,太平1-27-13,,,https://www.city.sumida.lg.jp/kurashi/gomi_recycle/kateikei/shigen_dashikata/sigen-kyoten.html,7
sumida,墨田区,11,回収拠点,すみだ清掃事務所,業平5-6-2,,,https://www.city.sumida.lg.jp/kurashi/gomi_recycle/kateikei/shigen_dashikata/sigen-kyoten.html,7
sumida,墨田区,12,回収拠点,すみだ福祉保健センター,向島3-36-7,,,https://www.city.sumida.lg.jp/kurashi/gomi_recycle/kateikei/shigen_dashikata/sigen-kyoten.html,7
sumida,墨田区,13,回収拠点,すみだ清掃事務所分室,東向島5-9-11,,,https://www.city.sumida.lg.jp/kurashi/gomi_recycle/kateikei/shigen_dashikata/sigen-kyoten.html,7
sumida,墨田区,14,回収拠点,東向島児童館,東向島6-6-12,,,https://www.city.sumida.lg.jp/kurashi/gomi_recycle/kateikei/shigen_dashikata/sigen-kyoten.html,7
sumida,墨田区,15,回収拠点,梅若橋コミュニティ会館,堤通2-9-1,,,https://www.city.sumida.lg.jp/kurashi/gomi_recycle/kateikei/shigen_dashikata/sigen-kyoten.html,7
sumida,墨田区,16,回収拠点,墨田児童会館,墨田2-30-15,,,https://www.city.sumida.lg.jp/kurashi/gomi_recycle/kateikei/shigen_dashikata/sigen-kyoten.html,7
sumida,墨田区,17,回収拠点,すみだ保育園,墨田4-22-4-101,,,https://www.city.sumida.lg.jp/kurashi/gomi_recycle/kateikei/shigen_dashikata/sigen-kyoten.html,7
sumida,墨田区,18,回収拠点,押上保育園,押上2-10-17,,,https://www.city.sumida.lg.jp/kurashi/gomi_recycle/kateikei/shigen_dashikata/sigen-kyoten.html,7
sumida,墨田区,19,回収拠点,八広はなみずき児童館,八広4-27-8,,,https://www.city.sumida.lg.jp/kurashi/gomi_recycle/kateikei/shigen_dashikata/sigen-kyoten.html,7
sumida,墨田区,20,回収拠点,東あずま保育園（仮園舎）,立花2-32-12,,,https://www.city.sumida.lg.jp/kurashi/gomi_recycle/kateikei/shigen_dashikata/sigen-kyoten.html,7
sumida,墨田区,21,回収拠点,中川児童館,立花5-18-9,,,https://www.city.sumida.lg.jp/kurashi/gomi_recycle/kateikei/shigen_dashikata/sigen-kyoten.html,7
sumida,墨田区,22,回収拠点,八広児童館,東墨田1-2-6,,,https://www.city.sumida.lg.jp/kurashi/gomi_recycle/kateikei/shigen_dashikata/sigen-kyoten.html,7
sumida,墨田区,23,回収拠点,墨田清掃工場【1階事務所入口】,東墨田1-10-23,,,https://www.city.sumida.lg.jp/kurashi/gomi_recycle/kateikei/shigen_dashikata/sigen-kyoten.html,7
sumida,墨田区,24,回収拠点,中川保育園,東墨田2-1-15,,,https://www.city.sumida.lg.jp/kurashi/gomi_recycle/kateikei/shigen_dashikata/sigen-kyoten.html,7
koto,江東区,1,回収拠点,湊屋酒店,永代2-23-1,民間施設,,https://www.city.koto.lg.jp/381104/kurashi/gomi/genryo/aburajisseki.html,8
koto,江東区,2,回収拠点,ほぐし処あんじぃ,大島6-12-4 高原ビル１階,民間施設,,https://www.city.koto.lg.jp/381104/kurashi/gomi/genryo/aburajisseki.html,8
koto,江東区,3,回収拠点,スポーツクラブ＆スパ ルネサンス亀戸,亀戸2-1-1 ２～4階,民間施設,,https://www.city.koto.lg.jp/381104/kurashi/gomi/genryo/aburajisseki.html,8
koto,江東区,4,回収拠点,イトーヨーカドー木場店,木場1丁目5番30号,民間施設,https://stores.itoyokado.co.jp/209,https://www.city.koto.lg.jp/381104/kurashi/gomi/genryo/aburajisseki.html,8
koto,江東区,5,回収拠点,イトーヨーカドーアリオ北砂店,北砂2丁目17番,民間施設,https://stores.itoyokado.co.jp/246,https://www.city.koto.lg.jp/381104/kurashi/gomi/genryo/aburajisseki.html,8
koto,江東区,6,回収拠点,ヨークマート東砂店,東砂1丁目3番36号,民間施設,https://www.york-inc.com/store/higasisuna.html,https://www.city.koto.lg.jp/381104/kurashi/gomi/genryo/aburajisseki.html,8
shinagawa,品川区,1,回収拠点,品川第一地域センター,北品川3-11-16,毎月第2・第4土曜日の、午前10時から正午まで,,https://www.city.shinagawa.tokyo.jp/PC/kankyo/kankyo-gomi/gomi-recycle/20190628135320.html,9
shinagawa,品川区,2,回収拠点,台場小学校,東品川1-8-30,毎月第2・第4土曜日の、午前10時から正午まで,,https://www.city.shinagawa.tokyo.jp/PC/kankyo/kankyo-gomi/gomi-recycle/20190628135320.html,9
shinagawa,品川区,3,回収拠点,三木小学校,西品川3-16-28,毎月第2・第4土曜日の、午前10時から正午まで,,https://www.city.shinagawa.tokyo.jp/PC/kankyo/kankyo-gomi/gomi-recycle/20190628135320.html,9
shinagawa,品川区,4,回収拠点,大崎第一地域センター,西五反田3-6-3,毎月第2・第4土曜日の、午前10時から正午まで,,https://www.city.shinagawa.tokyo.jp/PC/kankyo/kankyo-gomi/gomi-recycle/20190628135320.html,9
shinagawa,品川区,5,回収拠点,第一日野小学校,西五反田6-5-32,毎月第2・第4土曜日の、午前10時から正午まで,,https://www.city.shinagawa.tokyo.jp/PC/kankyo/kankyo-gomi/gomi-recycle/20190628135320.html,9
shinagawa,品川区,6,回収拠点,日野学園,東五反田2-11-1,毎月第2・第4土曜日の、午前10時から正午まで,,https://www.city.shinagawa.tokyo.jp/PC/kankyo/kankyo-gomi/gomi-recycle/20190628135320.html,9
shinagawa,品川区,7,回収拠点,第三日野小学校,上大崎1-19-19,毎月第2・第4土曜日の、午前10時から正午まで,,https://www.city.shinagawa.tokyo.jp/PC/kankyo/kankyo-gomi/gomi-recycle/20190628135320.html,9
shinagawa,品川区,8,回収拠点,後地小学校,小山2-4-6,毎月第2・第4土曜日の、午前10時から正午まで,,https://www.city.shinagawa.tokyo.jp/PC/kankyo/kankyo-gomi/gomi-recycle/20190628135320.html,9
shinagawa,品川区,9,回収拠点,小山小学校,小山5-10-6,毎月第2・第4土曜日の、午前10時から正午まで,,https://www.city.shinagawa.tokyo.jp/PC/kankyo/kankyo-gomi/gomi-recycle/20190628135320.html,9
shinagawa,品川区,10,回収拠点,第二延山小学校,旗の台1-6-1,毎月第2・第4土曜日の、午前10時から正午まで,,https://www.city.shinagawa.tokyo.jp/PC/kankyo/kankyo-gomi/gomi-recycle/20190628135320.html,9
shinagawa,品川区,11,回収拠点,大原小学校,戸越6-17-3,毎月第2・第4土曜日の、午前10時から正午まで,,https://www.city.shinagawa.tokyo.jp/PC/kankyo/kankyo-gomi/gomi-recycle/20190628135320.html,9
shinagawa,品川区,12,回収拠点,大井第一小学校,大井6-1-32,毎月第2・第4土曜日の、午前10時から正午まで,,https://www.city.shinagawa.tokyo.jp/PC/kankyo/kankyo-gomi/gomi-recycle/20190628135320.html,9
shinagawa,品川区,13,回収拠点,伊藤学園,大井5-1-37,毎月第2・第4土曜日の、午前10時から正午まで,,https://www.city.shinagawa.tokyo.jp/PC/kankyo/kankyo-gomi/gomi-recycle/20190628135320.html,9
shinagawa,品川区,14,回収拠点,鈴ケ森小学校,南大井4-16-2,毎月第2・第4土曜日の、午前10時から正午まで,,https://www.city.shinagawa.tokyo.jp/PC/kankyo/kankyo-gomi/gomi-recycle/20190628135320.html,9
shinagawa,品川区,15,回収拠点,大井第二地域センター,大井2-27-20,毎月第2・第4土曜日の、午前10時から正午まで,,https://www.city.shinagawa.tokyo.jp/PC/kankyo/kankyo-gomi/gomi-recycle/20190628135320.html,9
shinagawa,品川区,16,回収拠点,八潮地域センター,八潮5-10-27,毎月第2・第4土曜日の、午前10時から正午まで,,https://www.city.shinagawa.tokyo.jp/PC/kankyo/kankyo-gomi/gomi-recycle/20190628135320.html,9
shinagawa,品川区,17,回収拠点,浅間台小学校,南品川6-8-8,毎月第2・第4土曜日の、午前10時から正午まで,,https://www.city.shinagawa.tokyo.jp/PC/kankyo/kankyo-gomi/gomi-recycle/20190628135320.html,9
shinagawa,品川区,18,回収拠点,マイスクール西大井,西大井4-1-8,毎月第2・第4土曜日の、午前10時から正午まで,,https://www.city.shinagawa.tokyo.jp/PC/kankyo/kankyo-gomi/gomi-recycle/20190628135320.html,9
shinagawa,品川区,19,回収拠点,京陽小学校,平塚2-19-20,毎月第2・第4土曜日の、午前10時から正午まで,,https://www.city.shinagawa.tokyo.jp/PC/kankyo/kankyo-gomi/gomi-recycle/20190628135320.html,9
shinagawa,品川区,20,回収拠点,城南第二小学校,東品川3-4-5,毎月第2・第4土曜日の、午前10時から正午まで,,https://www.city.shinagawa.tokyo.jp/PC/kankyo/kankyo-gomi/gomi-recycle/20190628135320.html,9
shinagawa,品川区,21,回収拠点,立会小学校,東大井4-15-9,毎月第2・第4土曜日の、午前10時から正午まで,,https://www.city.shinagawa.tokyo.jp/PC/kankyo/kankyo-gomi/gomi-recycle/20190628135320.html,9
shinagawa,品川区,22,回収拠点,旗台小学校,旗の台4-7-11,毎月第2・第4土曜日の、午前10時から正午まで,,https://www.city.shinagawa.tokyo.jp/PC/kankyo/kankyo-gomi/gomi-recycle/20190628135320.html,9
shinagawa,品川区,23,回収拠点,豊葉の杜学園,二葉1-3-40,毎月第2・第4土曜日の、午前10時から正午まで,,https://www.city.shinagawa.tokyo.jp/PC/kankyo/kankyo-gomi/gomi-recycle/20190628135320.html,9
shinagawa,品川区,24,回収拠点,延山小学校,西中延2-17-5,毎月第2・第4土曜日の、午前10時から正午まで,,https://www.city.shinagawa.tokyo.jp/PC/kankyo/kankyo-gomi/gomi-recycle/20190628135320.html,9
shinagawa,品川区,25,回収拠点,宮前小学校,戸越4-5-10,毎月第2・第4土曜日の、午前10時から正午まで,,https://www.city.shinagawa.tokyo.jp/PC/kankyo/kankyo-gomi/gomi-recycle/20190628135320.html,9
shinagawa,品川区,26,回収拠点,品川区役所,広町2-1-36,毎月第2・第4土曜日の、午前10時から正午まで,,https://www.city.shinagawa.tokyo.jp/PC/kankyo/kankyo-gomi/gomi-recycle/20190628135320.html,9
shinagawa,品川区,27,回収拠点,品川区清掃事務所,大崎1-14-1,毎月第2・第4土曜日の、午前10時から正午まで,,https://www.city.shinagawa.tokyo.jp/PC/kankyo/kankyo-gomi/gomi-recycle/20190628135320.html,9
shinagawa,品川区,28,回収拠点,芳水小学校,大崎3-12-22,毎月第2・第4土曜日の、午前10時から正午まで,,https://www.city.shinagawa.tokyo.jp/PC/kankyo/kankyo-gomi/gomi-recycle/20190628135320.html,9
shinagawa,品川区,29,回収拠点,伊藤小学校,西大井5-6-8,毎月第2・第4土曜日の、午前10時から正午まで,,https://www.city.shinagawa.tokyo.jp/PC/kankyo/kankyo-gomi/gomi-recycle/20190628135320.html,9
shinagawa,品川区,30,回収拠点,源氏前小学校,中延6-2-18,毎月第2・第4土曜日の、午前10時から正午まで,,https://www.city.shinagawa.tokyo.jp/PC/kankyo/kankyo-gomi/gomi-recycle/20190628135320.html,9
shinagawa,品川区,31,回収拠点,小山台小学校,小山台1-18-24,毎月第2・第4土曜日の、午前10時から正午まで,,https://www.city.shinagawa.tokyo.jp/PC/kankyo/kankyo-gomi/gomi-recycle/20190628135320.html,9
shinagawa,品川区,32,回収拠点,イトーヨーカドー大井町店,大井１丁目3-6,民間施設,https://stores.itoyokado.co.jp/176,https://www.city.shinagawa.tokyo.jp/PC/kankyo/kankyo-gomi/gomi-recycle/20190628135320.html,9
meguro,目黒区,1,回収拠点,目黒区エコプラザ,目黒一丁目25番26号（田道ふれあい館地下1階）,月曜日から土曜日の午前9時から午後5時まで,,https://www.city.meguro.tokyo.jp/kankyouhozen/kurashi/gomi/kofu.html,10
ohta,大田区,1,回収拠点,大森東特別出張所,大森南四丁目9番1号,毎週水曜日（祝日・年末年始を除く）の11時から15時まで,,https://www.city.ota.tokyo.jp/seikatsu/gomi/shigentogomi/haishoku.html,11
ohta,大田区,2,回収拠点,大森西特別出張所,大森西二丁目16番2号 区民活動支援施設大森（こらぼ大森）1階,毎週水曜日（祝日・年末年始を除く）の11時から15時まで,,https://www.city.ota.tokyo.jp/seikatsu/gomi/shigentogomi/haishoku.html,11
ohta,大田区,3,回収拠点,馬込特別出張所,中馬込三丁目25番5号,毎週水曜日（祝日・年末年始を除く）の11時から15時まで,,https://www.city.ota.tokyo.jp/seikatsu/gomi/shigentogomi/haishoku.html,11
ohta,大田区,4,回収拠点,池上特別出張所,池上一丁目29番6号,毎週水曜日（祝日・年末年始を除く）の11時から15時まで,,https://www.city.ota.tokyo.jp/seikatsu/gomi/shigentogomi/haishoku.html,11
ohta,大田区,5,回収拠点,新井宿特別出張所,中央一丁目21番6号,毎週水曜日（祝日・年末年始を除く）の11時から15時まで,,https://www.city.ota.tokyo.jp/seikatsu/gomi/shigentogomi/haishoku.html,11
ohta,大田区,6,回収拠点,嶺町特別出張所,田園調布本町7番1号,毎週水曜日（祝日・年末年始を除く）の11時から15時まで,,https://www.city.ota.tokyo.jp/seikatsu/gomi/shigentogomi/haishoku.html,11
ohta,大田区,7,回収拠点,田園調布特別出張所,田園調布一丁目30番1号,毎週水曜日（祝日・年末年始を除く）の11時から15時まで,,https://www.city.ota.tokyo.jp/seikatsu/gomi/shigentogomi/haishoku.html,11
ohta,大田区,8,回収拠点,鵜の木特別出張所,南久が原二丁目30番5号,毎週水曜日（祝日・年末年始を除く）の11時から15時まで,,https://www.city.ota.tokyo.jp/seikatsu/gomi/shigentogomi/haishoku.html,11
ohta,大田区,9,回収拠点,久が原特別出張所,久が原四丁目12番10号,毎週水曜日（祝日・年末年始を除く）の11時から15時まで,,https://www.city.ota.tokyo.jp/seikatsu/gomi/shigentogomi/haishoku.html,11
ohta,大田区,10,回収拠点,雪谷特別出張所,東雪谷三丁目6番2号,毎週水曜日（祝日・年末年始を除く）の11時から15時まで,,https://www.city.ota.tokyo.jp/seikatsu/gomi/shigentogomi/haishoku.html,11
ohta,大田区,11,回収拠点,千束特別出張所,北千束二丁目35番8号,毎週水曜日（祝日・年末年始を除く）の11時から15時まで,,https://www.city.ota.tokyo.jp/seikatsu/gomi/shigentogomi/haishoku.html,11
ohta,大田区,12,回収拠点,六郷特別出張所,仲六郷二丁目44番11号,毎週水曜日（祝日・年末年始を除く）の11時から15時まで,,https://www.city.ota.tokyo.jp/seikatsu/gomi/shigentogomi/haishoku.html,11
ohta,大田区,13,回収拠点,矢口特別出張所,矢口二丁目21番14号,毎週水曜日（祝日・年末年始を除く）の11時から15時まで,,https://www.city.ota.tokyo.jp/seikatsu/gomi/shigentogomi/haishoku.html,11
ohta,大田区,14,回収拠点,蒲田東特別出張所,蒲田本町二丁目1番1号,毎週水曜日（祝日・年末年始を除く）の11時から15時まで,,https://www.city.ota.tokyo.jp/seikatsu/gomi/shigentogomi/haishoku.html,11
ohta,大田区,15,回収拠点,糀谷特別出張所,西糀谷二丁目14番13号,毎週水曜日（祝日・年末年始を除く）の11時から15時まで,,https://www.city.ota.tokyo.jp/seikatsu/gomi/shigentogomi/haishoku.html,11
ohta,大田区,16,回収拠点,羽田特別出張所,羽田一丁目18番13号,毎週水曜日（祝日・年末年始を除く）の11時から15時まで,,https://www.city.ota.tokyo.jp/seikatsu/gomi/shigentogomi/haishoku.html,11
ohta,大田区,17,回収拠点,スマイル大森,大森北四丁目6番7号,毎週水曜日（祝日・年末年始を除く）の11時から15時まで,,https://www.city.ota.tokyo.jp/seikatsu/gomi/shigentogomi/haishoku.html,11
ohta,大田区,18,回収拠点,大田区社会福祉センター,西蒲田七丁目49番2号,毎週水曜日（祝日・年末年始を除く）の11時から15時まで,,https://www.city.ota.tokyo.jp/seikatsu/gomi/shigentogomi/haishoku.html,11
ohta,大田区,19,回収拠点,グルメシティ糀谷店,西糀谷二丁目25番1号,民間施設,,https://www.city.ota.tokyo.jp/seikatsu/gomi/shigentogomi/haishoku.html,11
ohta,大田区,20,回収拠点,京急ストア蒲田店,蒲田四丁目50番11号ウイングキッチン京急蒲田1階,民間施設,,https://www.city.ota.tokyo.jp/seikatsu/gomi/shigentogomi/haishoku.html,11
ohta,大田区,21,回収拠点,食品館あおば本羽田店,本羽田二丁目3番1号,民間施設,,https://www.city.ota.tokyo.jp/seikatsu/gomi/shigentogomi/haishoku.html,11
ohta,大田区,22,回収拠点,東急ストア大森店,大森北一丁目6番16号アトレ大森内,民間施設,,https://www.city.ota.tokyo.jp/seikatsu/gomi/shigentogomi/haishoku.html,11
ohta,大田区,23,回収拠点,東急ストア蒲田プラザ店,西蒲田七丁目69番１号東急プラザB1階,民間施設,,https://www.city.ota.tokyo.jp/seikatsu/gomi/shigentogomi/haishoku.html,11
ohta,大田区,24,回収拠点,東急ストア上池台店,上池台五丁目23番５号,民間施設,,https://www.city.ota.tokyo.jp/seikatsu/gomi/shigentogomi/haishoku.html,11
ohta,大田区,25,回収拠点,東急ストア久が原店,久が原二丁目21番４号,民間施設,,https://www.city.ota.tokyo.jp/seikatsu/gomi/shigentogomi/haishoku.html,11
ohta,大田区,26,回収拠点,ピーコックストア石川台店,東雪谷二丁目5番11号,民間施設,,https://www.city.ota.tokyo.jp/seikatsu/gomi/shigentogomi/haishoku.html,11
ohta,大田区,27,回収拠点,イトーヨーカドー 大森店,大森北2丁目13-1,民間施設,,https://www.city.ota.tokyo.jp/seikatsu/gomi/shigentogomi/haishoku.html,11
ohta,大田区,28,回収拠点,コンフォートマーケット 西馬込店,西馬込2丁目21-3,民間施設,,https://www.city.ota.tokyo.jp/seikatsu/gomi/shigentogomi/haishoku.html,11
setagaya,世田谷区,1,回収拠点,粕谷区民センター,粕谷4丁目13番6号,回収員手渡し方式による回収（毎月第2・4土曜日の午前10時～正午）,,https://www.city.setagaya.lg.jp/02241/402.html,12
setagaya,世田谷区,2,回収拠点,上北沢地区会館,上北沢2丁目1番3号,回収員手渡し方式による回収（毎月第2・4土曜日の午前10時～正午）,,https://www.city.setagaya.lg.jp/02241/402.html,12
setagaya,世田谷区,3,回収拠点,上祖師谷まちづくりセンター,上祖師谷2丁目7番6号,回収員手渡し方式による回収（毎月第2・4土曜日の午前10時～正午）,,https://www.city.setagaya.lg.jp/02241/402.html,12
setagaya,世田谷区,4,回収拠点,北烏山東敬老会館,北烏山2丁目2番6号,回収員手渡し方式による回収（毎月第2・4土曜日の午前10時～正午）,,https://www.city.setagaya.lg.jp/02241/402.html,12
setagaya,世田谷区,5,回収拠点,宇奈根地区会館,宇奈根2丁目23番20号,回収員手渡し方式による回収（毎月第2・4土曜日の午前10時～正午）,,https://www.city.setagaya.lg.jp/02241/402.html,12
setagaya,世田谷区,6,回収拠点,鎌田区民センター,鎌田3丁目35番1号,回収員手渡し方式による回収（毎月第2・4土曜日の午前10時～正午）,,https://www.city.setagaya.lg.jp/02241/402.html,12
setagaya,世田谷区,7,回収拠点,喜多見まちづくりセンター,喜多見5丁目11番10号,回収員手渡し方式による回収（毎月第2・4土曜日の午前10時～正午）,,https://www.city.setagaya.lg.jp/02241/402.html,12
setagaya,世田谷区,8,回収拠点,砧まちづくりセンター,砧5丁目8番18号,回収員手渡し方式による回収（毎月第2・4土曜日の午前10時～正午）,,https://www.city.setagaya.lg.jp/02241/402.html,12
setagaya,世田谷区,9,回収拠点,砧図書館,祖師谷3丁目10番4号,回収員手渡し方式による回収（毎月第2・4土曜日の午前10時～正午）,,https://www.city.setagaya.lg.jp/02241/402.html,12
setagaya,世田谷区,10,回収拠点,リサイクル千歳台,千歳台1丁目1番5号,開館時間中回収,,https://www.city.setagaya.lg.jp/02241/402.html,12
setagaya,世田谷区,11,回収拠点,奥沢図書館仮事務所 （旧・奥沢まちづくりセンター）,奥沢3丁目5番7号,回収員手渡し方式による回収（毎月第2・4土曜日の午前10時～正午）,,https://www.city.setagaya.lg.jp/02241/402.html,12
setagaya,世田谷区,12,回収拠点,奥沢地区会館,奥沢7丁目35番4号,回収員手渡し方式による回収（毎月第2・4土曜日の午前10時～正午）,,https://www.city.setagaya.lg.jp/02241/402.html,12
setagaya,世田谷区,13,回収拠点,駒沢地区会館,駒沢3丁目13番5号,回収員手渡し方式による回収（毎月第2・4土曜日の午前10時～正午）,,https://www.city.setagaya.lg.jp/02241/402.html,12
setagaya,世田谷区,14,回収拠点,玉川台区民センター,玉川台1丁目6番15号,回収員手渡し方式による回収（毎月第2・4土曜日の午前10時～正午）,,https://www.city.setagaya.lg.jp/02241/402.html,12
setagaya,世田谷区,15,回収拠点,玉川総合支所,等々力3丁目4番1号,回収員手渡し方式による回収（毎月第2・4土曜日の午前10時～正午）,,https://www.city.setagaya.lg.jp/02241/402.html,12
setagaya,世田谷区,16,回収拠点,深沢区民センター,深沢4丁目33番11号,回収員手渡し方式による回収（毎月第2・4土曜日の午前10時～正午）,,https://www.city.setagaya.lg.jp/02241/402.html,12
setagaya,世田谷区,17,回収拠点,エコプラザ用賀,用賀4丁目7番1号,開館時間中回収,,https://www.city.setagaya.lg.jp/02241/402.html,12
setagaya,世田谷区,18,回収拠点,松沢まちづくりセンター,赤堤5丁目31番5号,回収員手渡し方式による回収（毎月第2・4土曜日の午前10時～正午）,,https://www.city.setagaya.lg.jp/02241/402.html,12
setagaya,世田谷区,19,回収拠点,北沢地区会館,北沢3丁目3番10号,回収員手渡し方式による回収（毎月第2・4土曜日の午前10時～正午）,,https://www.city.setagaya.lg.jp/02241/402.html,12
setagaya,世田谷区,20,回収拠点,代沢地区会館,代沢5丁目8番19号,回収員手渡し方式による回収（毎月第2・4土曜日の午前10時～正午）,,https://www.city.setagaya.lg.jp/02241/402.html,12
setagaya,世田谷区,21,回収拠点,梅丘分庁舎,松原6丁目3番5号,回収員手渡し方式による回収（毎月第2・4土曜日の午前10時～正午） 開館時間中回収,,https://www.city.setagaya.lg.jp/02241/402.html,12
setagaya,世田谷区,22,回収拠点,池尻地区会館（池尻複合施設）,池尻2丁目3番11号,回収員手渡し方式による回収（毎月第2・4土曜日の午前10時～正午）,,https://www.city.setagaya.lg.jp/02241/402.html,12
setagaya,世田谷区,23,回収拠点,世田谷区役所第2庁舎,世田谷4丁目22番35号,回収員手渡し方式による回収（毎月第2・4土曜日の午前10時～正午）,,https://www.city.setagaya.lg.jp/02241/402.html,12
setagaya,世田谷区,24,回収拠点,経堂地区会館,経堂3丁目37番13号,回収員手渡し方式による回収（毎月第2・4土曜日の午前10時～正午）,,https://www.city.setagaya.lg.jp/02241/402.html,12
setagaya,世田谷区,25,回収拠点,下馬地区会館,下馬4丁目13番4号,回収員手渡し方式による回収（毎月第2・4土曜日の午前10時～正午）,,https://www.city.setagaya.lg.jp/02241/402.html,12
setagaya,世田谷区,26,回収拠点,太子堂区民センター,太子堂1丁目14番20号,回収員手渡し方式による回収（毎月第2・4土曜日の午前10時～正午）,,https://www.city.setagaya.lg.jp/02241/402.html,12
setagaya,世田谷区,27,回収拠点,中央図書館（教育会館）,弦巻3丁目16番8号,回収員手渡し方式による回収（毎月第2・4土曜日の午前10時～正午）,,https://www.city.setagaya.lg.jp/02241/402.html,12
setagaya,世田谷区,28,回収拠点,ヨークマート中町店,中町５丁目３０−１,民間施設,https://www.york-inc.com/store/nakamachi.html,https://www.city.setagaya.lg.jp/02241/402.html,12
shibuya,渋谷区,1,回収拠点,勤労福祉会館,神南1-19-8,,,https://www.city.shibuya.tokyo.jp/kurashi/gomi/recycle/oil.html,13
shibuya,渋谷区,2,回収拠点,新橋出張所 (入口右),恵比寿1-27-10,,,https://www.city.shibuya.tokyo.jp/kurashi/gomi/recycle/oil.html,13
shibuya,渋谷区,3,回収拠点,地域交流センター大向 (入口横),松濤1-26-6,,,https://www.city.shibuya.tokyo.jp/kurashi/gomi/recycle/oil.html,13
shibuya,渋谷区,4,回収拠点,地域交流センター二軒家,本町3-35-4,,,https://www.city.shibuya.tokyo.jp/kurashi/gomi/recycle/oil.html,13
shibuya,渋谷区,5,回収拠点,氷川区民会館 (2階入口),東2-20-18,,,https://www.city.shibuya.tokyo.jp/kurashi/gomi/recycle/oil.html,13
shibuya,渋谷区,6,回収拠点,初台区民会館 (2階入口),初台 1-33-10,,,https://www.city.shibuya.tokyo.jp/kurashi/gomi/recycle/oil.html,13
shibuya,渋谷区,7,回収拠点,笹塚区民会館 (1階廊下脇),笹塚 3-1-9,,,https://www.city.shibuya.tokyo.jp/kurashi/gomi/recycle/oil.html,13
shibuya,渋谷区,8,回収拠点,幡ヶ谷社会教育館 (1階託児室前),幡ヶ谷2-50-2,,,https://www.city.shibuya.tokyo.jp/kurashi/gomi/recycle/oil.html,13
shibuya,渋谷区,9,回収拠点,恵比寿社会教育館 (駐車場内),恵比寿2-27-18,,,https://www.city.shibuya.tokyo.jp/kurashi/gomi/recycle/oil.html,13
shibuya,渋谷区,10,回収拠点,長谷戸社会教育館(入口横),恵比寿西1-23-4,,,https://www.city.shibuya.tokyo.jp/kurashi/gomi/recycle/oil.html,13
shibuya,渋谷区,11,回収拠点,千駄ヶ谷社会教育館 (1階受付脇),千駄ヶ谷1-6-5,,,https://www.city.shibuya.tokyo.jp/kurashi/gomi/recycle/oil.html,13
shibuya,渋谷区,12,回収拠点,上原社会教育館 (1階入口),上原3-13-8,,,https://www.city.shibuya.tokyo.jp/kurashi/gomi/recycle/oil.html,13
shibuya,渋谷区,13,回収拠点,はつらつセンター参宮橋(1階入口横),代々木4-4-1,,,https://www.city.shibuya.tokyo.jp/kurashi/gomi/recycle/oil.html,13
shibuya,渋谷区,14,回収拠点,渋谷区清掃事務所（入口正面）,渋谷1-2-17,,,https://www.city.shibuya.tokyo.jp/kurashi/gomi/recycle/oil.html,13
shibuya,渋谷区,15,回収拠点,渋谷区清掃事務所 宇田川分室（1階入口）,宇田川町11-9,,,https://www.city.shibuya.tokyo.jp/kurashi/gomi/recycle/oil.html,13
shibuya,渋谷区,16,回収拠点,地域交流センター神宮前,神宮前 6-10-14,,,https://www.city.shibuya.tokyo.jp/kurashi/gomi/recycle/oil.html,13
shibuya,渋谷区,17,回収拠点,YCC 代々木八幡コミュニティセンター,代々木5-1-15,,,https://www.city.shibuya.tokyo.jp/kurashi/gomi/recycle/oil.html,13
shibuya,渋谷区,18,回収拠点,本町CC 本町コミュニティセンター,本町4-39-1,,,https://www.city.shibuya.tokyo.jp/kurashi/gomi/recycle/oil.html,13
shibuya,渋谷区,19,回収拠点,本町リサイクルセンター,本町1-56-2,,,https://www.city.shibuya.tokyo.jp/kurashi/gomi/recycle/oil.html,13
nakano,中野区,1,回収拠点,中野区役所8階 環境課窓口,中野四丁目11番19号,平日午前8時30分から午後5時まで,,https://www.city.tokyo-nakano.lg.jp/kurashi/gomi/dashikata/kyotenkaisyu/syokuyoabura.html,14
nakano,中野区,2,回収拠点,リサイクル展示室 窓口,松が丘一丁目6番3号,平日午前8時30分から午後5時まで,,https://www.city.tokyo-nakano.lg.jp/kurashi/gomi/dashikata/kyotenkaisyu/syokuyoabura.html,14
nakano,中野区,3,回収拠点,新井区民活動センター,新井三丁目11番4号,毎月第4火曜日の午前9時から正午まで（第4火曜日が祝日の場合、直後の平日）,,https://www.city.tokyo-nakano.lg.jp/kurashi/gomi/dashikata/kyotenkaisyu/syokuyoabura.html,14
nakano,中野区,4,回収拠点,江古田区民活動センター,江原町二丁目3番15号,毎月第4火曜日の午前9時から正午まで（第4火曜日が祝日の場合、直後の平日）,,https://www.city.tokyo-nakano.lg.jp/kurashi/gomi/dashikata/kyotenkaisyu/syokuyoabura.html,14
nakano,中野区,5,回収拠点,上鷺宮区民活動センター,上鷺宮三丁目7番6号,毎月第4火曜日の午前9時から正午まで（第4火曜日が祝日の場合、直後の平日）,,https://www.city.tokyo-nakano.lg.jp/kurashi/gomi/dashikata/kyotenkaisyu/syokuyoabura.html,14
nakano,中野区,6,回収拠点,上高田区民活動センター,上高田二丁目11番1号,毎月第4火曜日の午前9時から正午まで（第4火曜日が祝日の場合、直後の平日）,,https://www.city.tokyo-nakano.lg.jp/kurashi/gomi/dashikata/kyotenkaisyu/syokuyoabura.html,14
nakano,中野区,7,回収拠点,鷺宮区民活動センター,鷺宮三丁目22番5号,毎月第4火曜日の午前9時から正午まで（第4火曜日が祝日の場合、直後の平日）,,https://www.city.tokyo-nakano.lg.jp/kurashi/gomi/dashikata/kyotenkaisyu/syokuyoabura.html,14
nakano,中野区,8,回収拠点,昭和区民活動センター,中野五丁目4番7号（温暖化対策推進オフィス跡施設）仮移転,毎月第4火曜日の午前9時から正午まで（第4火曜日が祝日の場合、直後の平日）建替え整備,,https://www.city.tokyo-nakano.lg.jp/kurashi/gomi/dashikata/kyotenkaisyu/syokuyoabura.html,14
nakano,中野区,9,回収拠点,東部区民活動センター,中央二丁目18番21号,毎月第4火曜日の午前9時から正午まで（第4火曜日が祝日の場合、直後の平日）,,https://www.city.tokyo-nakano.lg.jp/kurashi/gomi/dashikata/kyotenkaisyu/syokuyoabura.html,14
nakano,中野区,10,回収拠点,鍋横区民活動センター,本町五丁目47番13号,毎月第4火曜日の午前9時から正午まで（第4火曜日が祝日の場合、直後の平日）,,https://www.city.tokyo-nakano.lg.jp/kurashi/gomi/dashikata/kyotenkaisyu/syokuyoabura.html,14
nakano,中野区,11,回収拠点,沼袋区民活動センター,沼袋二丁目40番18号,毎月第4火曜日の午前9時から正午まで（第4火曜日が祝日の場合、直後の平日）,,https://www.city.tokyo-nakano.lg.jp/kurashi/gomi/dashikata/kyotenkaisyu/syokuyoabura.html,14
nakano,中野区,12,回収拠点,野方区民活動センター,野方五丁目3番1号,毎月第4火曜日の午前9時から正午まで（第4火曜日が祝日の場合、直後の平日）,,https://www.city.tokyo-nakano.lg.jp/kurashi/gomi/dashikata/kyotenkaisyu/syokuyoabura.html,14
nakano,中野区,13,回収拠点,東中野区民活動センター,東中野五丁目27番5号,毎月第4火曜日の午前9時から正午まで（第4火曜日が祝日の場合、直後の平日）,,https://www.city.tokyo-nakano.lg.jp/kurashi/gomi/dashikata/kyotenkaisyu/syokuyoabura.html,14
nakano,中野区,14,回収拠点,南中野区民活動センター,弥生町五丁目5番2号,毎月第4火曜日の午前9時から正午まで（第4火曜日が祝日の場合、直後の平日）,,https://www.city.tokyo-nakano.lg.jp/kurashi/gomi/dashikata/kyotenkaisyu/syokuyoabura.html,14
nakano,中野区,15,回収拠点,桃園区民活動センター,中央四丁目57番1号,毎月第4火曜日の午前9時から正午まで（第4火曜日が祝日の場合、直後の平日）,,https://www.city.tokyo-nakano.lg.jp/kurashi/gomi/dashikata/kyotenkaisyu/syokuyoabura.html,14
nakano,中野区,16,回収拠点,大和区民活動センター,大和町二丁目44番6号,毎月第4火曜日の午前9時から正午まで（第4火曜日が祝日の場合、直後の平日）,,https://www.city.tokyo-nakano.lg.jp/kurashi/gomi/dashikata/kyotenkaisyu/syokuyoabura.html,14
nakano,中野区,17,回収拠点,弥生区民活動センター,弥生町一丁目58番14号,毎月第4火曜日の午前9時から正午まで（第4火曜日が祝日の場合、直後の平日）,,https://www.city.tokyo-nakano.lg.jp/kurashi/gomi/dashikata/kyotenkaisyu/syokuyoabura.html,14
nakano,中野区,18,回収拠点,ヨークフーズ with ザ・ガーデン自由が丘中野店,中野４丁目３−１ 中野サンクォーレ B1F,民間施設,https://www.york-inc.com/store/nakano.html,https://www.city.tokyo-nakano.lg.jp/kurashi/gomi/dashikata/kyotenkaisyu/syokuyoabura.html,14
suginami,杉並区,1,回収拠点,ごみ減量対策課,阿佐谷南1丁目15番1号 区役所西棟7階,午前8時30分～午後5時（土曜日・日曜日・祝日・年末年始を除く）,,https://www.city.suginami.tokyo.jp/s104/747.html,15
suginami,杉並区,2,回収拠点,杉並清掃事務所,成田東5丁目15番20号,午前8時30分～午後5時（日曜日・年末年始を除く）,,https://www.city.suginami.tokyo.jp/s104/747.html,15
suginami,杉並区,3,回収拠点,杉並清掃事務所方南支所,方南1丁目3番4号,午前8時30分～午後5時（日曜日・年末年始を除く）,,https://www.city.suginami.tokyo.jp/s104/747.html,15
suginami,杉並区,4,回収拠点,杉並清掃事務所高円寺車庫,高円寺南2丁目36番31号,午前8時30分～午後4時（日曜日・年末年始を除く）,,https://www.city.suginami.tokyo.jp/s104/747.html,15
suginami,杉並区,5,回収拠点,環境活動推進センター4階,高井戸東3丁目7番4号,午前9時～午後5時（水曜日・年末年始を除く）,,https://www.city.suginami.tokyo.jp/s104/747.html,15
suginami,杉並区,6,回収拠点,阿佐谷地域区民センター,阿佐谷北1丁目1番1号,午前9時～午後9時（第2火曜日・年末年始を除く）,,https://www.city.suginami.tokyo.jp/s104/747.html,15
suginami,杉並区,7,回収拠点,井草地域区民センター,下井草5丁目7番22号,午前9時～午後9時（第1・第3木曜日・第3木曜日の前日・年末年始を除く）,,https://www.city.suginami.tokyo.jp/s104/747.html,15
suginami,杉並区,8,回収拠点,永福和泉地域区民センター,和泉3丁目8番18号,午前9時～午後9時（第2・第4水曜日・年末年始・毎月15日（館内整理日）を除く）,,https://www.city.suginami.tokyo.jp/s104/747.html,15
suginami,杉並区,9,回収拠点,荻窪地域区民センター,荻窪2丁目34番20号,施設の改修工事に伴い、令和6年11月から令和8年9月まで休館予定 午前9時～午後9時（第2・第4月曜日・年末年始・毎月20日（館内整理日）を除く）,,https://www.city.suginami.tokyo.jp/s104/747.html,15
suginami,杉並区,10,回収拠点,高円寺地域区民センター（セシオン杉並）,梅里1丁目22番32号,午前9時～午後9時（第2木曜日・年末年始を除く）,,https://www.city.suginami.tokyo.jp/s104/747.html,15
suginami,杉並区,11,回収拠点,高井戸地域区民センター,高井戸東3丁目7番5号 高井戸市民センター,午前9時～午後9時（第2木曜日・年末年始を除く）,,https://www.city.suginami.tokyo.jp/s104/747.html,15
suginami,杉並区,12,回収拠点,西荻地域区民センター,桃井4丁目3番2号,午前9時～午後9時（第2木曜日・年末年始を除く）,,https://www.city.suginami.tokyo.jp/s104/747.html,15
suginami,杉並区,13,回収拠点,ヨークフーズ阿佐谷店,阿佐谷北2丁目13番2号,民間施設,https://www.york-inc.com/store/asagaya.html,https://www.city.suginami.tokyo.jp/s104/747.html,15
toshima,豊島区,1,回収拠点,区民ひろば駒込,駒込2-2-4,毎月第4月曜日（祝日の場合は、翌日の火曜日）午前9時から午後0時30分まで,,https://www.city.toshima.lg.jp/150/kurashi/gomi/shigen/013326.html,16
toshima,豊島区,2,回収拠点,区民ひろば仰高,駒込4-12-3,毎月第4月曜日（祝日の場合は、翌日の火曜日）午前9時から午後0時30分まで,,https://www.city.toshima.lg.jp/150/kurashi/gomi/shigen/013326.html,16
toshima,豊島区,3,回収拠点,区民ひろば清和第一,巣鴨3-15-20,毎月第4月曜日（祝日の場合は、翌日の火曜日）午前9時から午後0時30分まで,,https://www.city.toshima.lg.jp/150/kurashi/gomi/shigen/013326.html,16
toshima,豊島区,4,回収拠点,区民ひろば朝日,西巣鴨4-10-12,毎月第4月曜日（祝日の場合は、翌日の火曜日）午前9時から午後0時30分まで,,https://www.city.toshima.lg.jp/150/kurashi/gomi/shigen/013326.html,16
toshima,豊島区,5,回収拠点,区民ひろば西巣鴨第一,西巣鴨2-35-3,毎月第4月曜日（祝日の場合は、翌日の火曜日）午前9時から午後0時30分まで,,https://www.city.toshima.lg.jp/150/kurashi/gomi/shigen/013326.html,16
toshima,豊島区,6,回収拠点,東部区民事務所,北大塚1-15-10,改修工事のため令和11年まで仮施設（南大塚）で回収 毎月第4月曜日（祝日の場合は、翌日の火曜日）午前9時から午後0時30分まで,,https://www.city.toshima.lg.jp/150/kurashi/gomi/shigen/013326.html,16
toshima,豊島区,7,回収拠点,西部区民事務所,千早2-39-16,毎月第4月曜日（祝日の場合は、翌日の火曜日）午前9時から午後0時30分まで,,https://www.city.toshima.lg.jp/150/kurashi/gomi/shigen/013326.html,16
toshima,豊島区,8,回収拠点,豊島リサイクルセンター,北大塚3-29-11,毎月第4月曜日（祝日の場合は、翌日の火曜日）午前9時から午後0時30分まで,,https://www.city.toshima.lg.jp/150/kurashi/gomi/shigen/013326.html,16
toshima,豊島区,9,回収拠点,区民ひろば豊成,上池袋1-28-7,毎月第4月曜日（祝日の場合は、翌日の火曜日）午前9時から午後0時30分まで,,https://www.city.toshima.lg.jp/150/kurashi/gomi/shigen/013326.html,16
toshima,豊島区,10,回収拠点,区民ひろば上池袋,上池袋3-13-5,毎月第4月曜日（祝日の場合は、翌日の火曜日）午前9時から午後0時30分まで,,https://www.city.toshima.lg.jp/150/kurashi/gomi/shigen/013326.html,16
toshima,豊島区,11,回収拠点,シルバー人材センター,東池袋2-55-6,毎月第4月曜日（祝日の場合は、翌日の火曜日）午前9時から午後0時30分まで,,https://www.city.toshima.lg.jp/150/kurashi/gomi/shigen/013326.html,16
toshima,豊島区,12,回収拠点,区民ひろば南池袋,南池袋3-5-12,毎月第4月曜日（祝日の場合は、翌日の火曜日）午前9時から午後0時30分まで,,https://www.city.toshima.lg.jp/150/kurashi/gomi/shigen/013326.html,16
toshima,豊島区,13,回収拠点,区民ひろば池袋,池袋4-21-10,毎月第4月曜日（祝日の場合は、翌日の火曜日）午前9時から午後0時30分まで,,https://www.city.toshima.lg.jp/150/kurashi/gomi/shigen/013326.html,16
toshima,豊島区,14,回収拠点,豊島清掃事務所,池袋本町1-7-3,毎月第4月曜日（祝日の場合は、翌日の火曜日）午前9時から午後0時30分まで,,https://www.city.toshima.lg.jp/150/kurashi/gomi/shigen/013326.html,16
toshima,豊島区,15,回収拠点,雑司ヶ谷地域文化創造館,雑司が谷3-1-7,毎月第4月曜日（祝日の場合は、翌日の火曜日）午前9時から午後0時30分まで,,https://www.city.toshima.lg.jp/150/kurashi/gomi/shigen/013326.html,16
toshima,豊島区,16,回収拠点,区民ひろば高南第一,高田2-11-2,毎月第4月曜日（祝日の場合は、翌日の火曜日）午前9時から午後0時30分まで,,https://www.city.toshima.lg.jp/150/kurashi/gomi/shigen/013326.html,16
toshima,豊島区,17,回収拠点,区民ひろば高南第二,高田3-38-7,毎月第4月曜日（祝日の場合は、翌日の火曜日）午前9時から午後0時30分まで,,https://www.city.toshima.lg.jp/150/kurashi/gomi/shigen/013326.html,16
toshima,豊島区,18,回収拠点,区民ひろば目白,目白2-20-26,毎月第4月曜日（祝日の場合は、翌日の火曜日）午前9時から午後0時30分まで,,https://www.city.toshima.lg.jp/150/kurashi/gomi/shigen/013326.html,16
toshima,豊島区,19,回収拠点,区民ひろばさくら第一,南長崎6-20-15,毎月第4月曜日（祝日の場合は、翌日の火曜日）午前9時から午後0時30分まで,,https://www.city.toshima.lg.jp/150/kurashi/gomi/shigen/013326.html,16
toshima,豊島区,20,回収拠点,区民ひろば富士見台,南長崎1-6-1,毎月第4月曜日（祝日の場合は、翌日の火曜日）午前9時から午後0時30分まで,,https://www.city.toshima.lg.jp/150/kurashi/gomi/shigen/013326.html,16
toshima,豊島区,21,回収拠点,千早地域文化創造館,千早2-35-12,改築工事のため令和9年3月まで回収を休止 毎月第4月曜日（祝日の場合は、翌日の火曜日）午前9時から午後0時30分まで,,https://www.city.toshima.lg.jp/150/kurashi/gomi/shigen/013326.html,16
toshima,豊島区,22,回収拠点,区民ひろば高松,高松2-25-9,毎月第4月曜日（祝日の場合は、翌日の火曜日）午前9時から午後0時30分まで,,https://www.city.toshima.lg.jp/150/kurashi/gomi/shigen/013326.html,16
kita,北区,1,回収拠点,北区清掃事務所,豊島8-4-3,毎月第2土曜日 10時00分～14時00分,,https://www.city.kita.lg.jp/living/bins/1002013/1002040/1002048.html,17
kita,北区,2,回収拠点,滝野川清掃庁舎,東田端2-18-15,毎月第2土曜日 10時00分～14時00分,,https://www.city.kita.lg.jp/living/bins/1002013/1002040/1002048.html,17
kita,北区,3,回収拠点,浮間清掃事業所,浮間5-13-1,毎月第2土曜日 10時00分～14時00分,,https://www.city.kita.lg.jp/living/bins/1002013/1002040/1002048.html,17
kita,北区,4,回収拠点,富士見橋エコー広場館,田端5-16-1,毎月第2日曜日 10時00分～14時00分,,https://www.city.kita.lg.jp/living/bins/1002013/1002040/1002048.html,17
kita,北区,5,回収拠点,赤羽区民事務所管理室,赤羽1-1-38,毎月第2日曜日 10時00分～14時00分 ※赤羽区民事務所閉庁の場合、回収は行いません。,,https://www.city.kita.lg.jp/living/bins/1002013/1002040/1002048.html,17
kita,北区,6,回収拠点,滝野川西エコー広場館,滝野川6-21-25滝野川西区民センター2階,毎月第2日曜日 10時00分～14時00分,,https://www.city.kita.lg.jp/living/bins/1002013/1002040/1002048.html,17
kita,北区,7,回収拠点,イトーヨーカドー赤羽店,赤羽西１丁目７−１,民間施設,https://stores.itoyokado.co.jp/170,https://www.city.kita.lg.jp/living/bins/1002013/1002040/1002048.html,17
kita,北区,8,回収拠点,ヨークフーズ王子店,王子１丁目２３−５,民間施設,https://www.york-inc.com/store/ouzi.html,https://www.city.kita.lg.jp/living/bins/1002013/1002040/1002048.html,17
arakawa,荒川区,1,回収拠点,あらかわリサイクルセンター,南千住3-28-69,午前8時30分から午後5時15分（日曜、年末年始を除く）,,https://www.city.arakawa.tokyo.jp/a025/recycle/bunbetsu/haishokuyurecycle.html,18
arakawa,荒川区,2,回収拠点,ゆいの森あらかわ,荒川2-50-1,午前9時から午後8時30分（第3木曜、年末年始、特別整理期間、メンテナンス休館日を除く）,,https://www.city.arakawa.tokyo.jp/a025/recycle/bunbetsu/haishokuyurecycle.html,18
arakawa,荒川区,3,回収拠点,あらかわエコセンター,荒川1-53-20,午前8時30分から午後5時15分（土曜、日曜、祝日、年末年始を除く）,,https://www.city.arakawa.tokyo.jp/a025/recycle/bunbetsu/haishokuyurecycle.html,18
arakawa,荒川区,4,回収拠点,清掃リサイクル事務所,町屋5-19-1,午前8時30分から午後5時15分（日曜、年末年始を除く）,,https://www.city.arakawa.tokyo.jp/a025/recycle/bunbetsu/haishokuyurecycle.html,18
arakawa,荒川区,5,回収拠点,尾久区民事務所,西尾久3-7-15,午前8時30分から午後5時15分（土曜、日曜、祝日、年末年始を除く）,,https://www.city.arakawa.tokyo.jp/a025/recycle/bunbetsu/haishokuyurecycle.html,18
arakawa,荒川区,6,回収拠点,日暮里区民事務所,東日暮里6-17-6,午前8時30分から午後5時15分（土曜、日曜、祝日、年末年始を除く）,,https://www.city.arakawa.tokyo.jp/a025/recycle/bunbetsu/haishokuyurecycle.html,18
arakawa,荒川区,7,回収拠点,南千住図書館,南千住6-63-1,火曜～土曜 午前9時から午後7時30分 日曜・祝日 午前9時～午後5時 （月曜（※注釈 祝日の場合は翌日以降の平日）、毎月第2木曜、年末年始及び特別整理期間を除く）,,https://www.city.arakawa.tokyo.jp/a025/recycle/bunbetsu/haishokuyurecycle.html,18
arakawa,荒川区,8,回収拠点,町屋図書館,町屋5-11-18,火曜～金曜 午前9時から午後7時30分 土曜・日曜・祝日 午前9時～午後5時 （月曜（※注釈 祝日の場合は翌日以降の平日）、毎月第3木曜、年末年始及び特別整理期間を除く）,,https://www.city.arakawa.tokyo.jp/a025/recycle/bunbetsu/haishokuyurecycle.html,18
arakawa,荒川区,9,回収拠点,尾久図書館,東尾久8-45-4,火曜～金曜 午前9時から午後7時30分 土曜・日曜・祝日 午前9時～午後5時 （月曜（※注釈 祝日の場合は翌日以降の平日）、毎月第2木曜、年末年始及び特別整理期間を除く）,,https://www.city.arakawa.tokyo.jp/a025/recycle/bunbetsu/haishokuyurecycle.html,18
arakawa,荒川区,10,回収拠点,日暮里図書館,東日暮里6-38-4,火曜～金曜 午前9時から午後7時30分 土曜・日曜・祝日 午前9時～午後5時 （月曜（※注釈 祝日の場合は翌日以降の平日）、毎月第3木曜、年末年始及び特別整理期間を除く）,,https://www.city.arakawa.tokyo.jp/a025/recycle/bunbetsu/haishokuyurecycle.html,18
arakawa,荒川区,11,回収拠点,荒川区役所本庁舎,荒川2-2-3,午前8時30分から午後5時15分（土曜、日曜、祝日、年末年始を除く）,,https://www.city.arakawa.tokyo.jp/a025/recycle/bunbetsu/haishokuyurecycle.html,18
arakawa,荒川区,12,回収拠点,町屋ふれあい館,町屋1-35-8,火曜～金曜 午前9時から午後7時30分 土曜・日曜・祝日 午前9時～午後5時 （月曜（※注釈 祝日の場合は翌日以降の平日）、毎月第3木曜、年末年始及び特別整理期間を除く）,,https://www.city.arakawa.tokyo.jp/a025/recycle/bunbetsu/haishokuyurecycle.html,18
arakawa,荒川区,13,回収拠点,荒木田ふれあい館,町屋6-13-2,午前9時から午後9時まで（年末年始を除く）,,https://www.city.arakawa.tokyo.jp/a025/recycle/bunbetsu/haishokuyurecycle.html,18
arakawa,荒川区,14,回収拠点,東尾久本町通りふれあい館,東尾久2-37-14,午前9時から午後9時まで（年末年始を除く）,,https://www.city.arakawa.tokyo.jp/a025/recycle/bunbetsu/haishokuyurecycle.html,18
arakawa,荒川区,15,回収拠点,尾久ふれあい館,西尾久2-25-13,午前9時から午後9時まで（年末年始を除く）,,https://www.city.arakawa.tokyo.jp/a025/recycle/bunbetsu/haishokuyurecycle.html,18
arakawa,荒川区,16,回収拠点,西尾久ふれあい館,西尾久8-33-31,午前9時から午後9時まで（年末年始を除く）,,https://www.city.arakawa.tokyo.jp/a025/recycle/bunbetsu/haishokuyurecycle.html,18
arakawa,荒川区,17,回収拠点,東日暮里ふれあい館,東日暮里1-17-13,午前9時から午後9時まで（年末年始を除く）,,https://www.city.arakawa.tokyo.jp/a025/recycle/bunbetsu/haishokuyurecycle.html,18
arakawa,荒川区,18,回収拠点,ひぐらしふれあい館,東日暮里6-28-15,午前9時から午後9時まで（年末年始を除く）,,https://www.city.arakawa.tokyo.jp/a025/recycle/bunbetsu/haishokuyurecycle.html,18
arakawa,荒川区,19,回収拠点,夕やけこやけふれあい館,東日暮里3-11-19,午前9時から午後9時まで（年末年始を除く）,,https://www.city.arakawa.tokyo.jp/a025/recycle/bunbetsu/haishokuyurecycle.html,18
arakawa,荒川区,20,回収拠点,ヨークフーズ 三ノ輪店,南千住1-9-1,民間施設,https://www.york-inc.com/store/minowa.html,https://www.city.arakawa.tokyo.jp/a025/recycle/bunbetsu/haishokuyurecycle.html,18
itabashi,板橋区,1,回収拠点,板橋区役所北館7階 資源循環推進課窓口,板橋2-66-1,午前9時から午後5時,,https://www.city.itabashi.tokyo.jp/tetsuduki/gomi/kyoten/1031276.html,19
itabashi,板橋区,2,回収拠点,大谷口地域センター,大谷口2-12-5,午前9時から午後9時,,https://www.city.itabashi.tokyo.jp/tetsuduki/gomi/kyoten/1031276.html,19
itabashi,板橋区,3,回収拠点,常盤台地域センター,常盤台4-14-1,午前9時から午後9時,,https://www.city.itabashi.tokyo.jp/tetsuduki/gomi/kyoten/1031276.html,19
itabashi,板橋区,4,回収拠点,板橋東清掃事務所,東坂下2-20-9,午前9時から午後5時,,https://www.city.itabashi.tokyo.jp/tetsuduki/gomi/kyoten/1031276.html,19
itabashi,板橋区,5,回収拠点,リサイクルプラザ,舟渡4-16-6,午前9時から午後5時,,https://www.city.itabashi.tokyo.jp/tetsuduki/gomi/kyoten/1031276.html,19
itabashi,板橋区,6,回収拠点,エコポリスセンター,前野町4-6-1,午前9時から午後5時,,https://www.city.itabashi.tokyo.jp/tetsuduki/gomi/kyoten/1031276.html,19
itabashi,板橋区,7,回収拠点,桜川地域センター,東新町2-45-6,午前9時から午後5時,,https://www.city.itabashi.tokyo.jp/tetsuduki/gomi/kyoten/1031276.html,19
itabashi,板橋区,8,回収拠点,赤塚支所,赤塚6-38-1,午前9時から午後5時,,https://www.city.itabashi.tokyo.jp/tetsuduki/gomi/kyoten/1031276.html,19
itabashi,板橋区,9,回収拠点,まなぽーと成増（成増生涯学習センター）,成増1-12-4,午前9時から午後9時30分,,https://www.city.itabashi.tokyo.jp/tetsuduki/gomi/kyoten/1031276.html,19
itabashi,板橋区,10,回収拠点,板橋西清掃事務所,徳丸1-16-1,午前9時から午後5時,,https://www.city.itabashi.tokyo.jp/tetsuduki/gomi/kyoten/1031276.html,19
itabashi,板橋区,11,回収拠点,熱帯環境植物館,高島平8-29-2,午前10時から午後6時,,https://www.city.itabashi.tokyo.jp/tetsuduki/gomi/kyoten/1031276.html,19
itabashi,板橋区,12,回収拠点,富士見地域センター,富士見町3-1,午前9時から午後5時,,https://www.city.itabashi.tokyo.jp/tetsuduki/gomi/kyoten/1031276.html,19
itabashi,板橋区,13,回収拠点,ヨークマート下板橋店,板橋2-1-1,民間施設,https://www.york-inc.com/store/simoitabasi.html,https://www.city.itabashi.tokyo.jp/tetsuduki/gomi/kyoten/1031276.html,19
itabashi,板橋区,14,回収拠点,ヨークフーズ with ザ・ガーデン自由が丘 小豆沢店,小豆沢3-9-5,民間施設,https://www.york-inc.com/store/azusawa.html,https://www.city.itabashi.tokyo.jp/tetsuduki/gomi/kyoten/1031276.html,19
nerima,練馬区,1,回収拠点,練馬区資源循環センター,谷原1丁目2番20号,毎週日曜日（午前9時から正午まで）,,https://www.city.nerima.tokyo.jp/kurashi/gomi/wakekata/abura.html,20
nerima,練馬区,2,回収拠点,三原台地域集会所,三原台3丁目13番17号,毎月第2土曜日（午前9時から正午まで）,,https://www.city.nerima.tokyo.jp/kurashi/gomi/wakekata/abura.html,20
nerima,練馬区,3,回収拠点,谷原地域集会所,谷原5丁目6番7号,毎月第2土曜日（午前9時から正午まで）,,https://www.city.nerima.tokyo.jp/kurashi/gomi/wakekata/abura.html,20
nerima,練馬区,4,回収拠点,高野台地域集会所,高野台3丁目28番11号,毎月第2土曜日（午前9時から正午まで）,,https://www.city.nerima.tokyo.jp/kurashi/gomi/wakekata/abura.html,20
nerima,練馬区,5,回収拠点,富士見台地区区民館,富士見台3丁目10番1号,毎月第2土曜日（午前9時から正午まで）,,https://www.city.nerima.tokyo.jp/kurashi/gomi/wakekata/abura.html,20
nerima,練馬区,6,回収拠点,南田中地域集会所,南田中2丁目18番36号,毎月第2土曜日（午前9時から正午まで）,,https://www.city.nerima.tokyo.jp/kurashi/gomi/wakekata/abura.html,20
nerima,練馬区,7,回収拠点,石神井庁舎1階,石神井町3丁目30番26号,毎月第2土曜日（午前9時から正午まで）,,https://www.city.nerima.tokyo.jp/kurashi/gomi/wakekata/abura.html,20
nerima,練馬区,8,回収拠点,下石神井地区区民館,下石神井6丁目8番15号,毎月第2土曜日（午前9時から正午まで）,,https://www.city.nerima.tokyo.jp/kurashi/gomi/wakekata/abura.html,20
nerima,練馬区,9,回収拠点,上石神井北地域集会所,上石神井2丁目36番18号,毎月第2土曜日（午前9時から正午まで）,,https://www.city.nerima.tokyo.jp/kurashi/gomi/wakekata/abura.html,20
nerima,練馬区,10,回収拠点,石神井台みどり地域集会所,石神井台2丁目13番6号,毎月第2土曜日（午前9時から正午まで）,,https://www.city.nerima.tokyo.jp/kurashi/gomi/wakekata/abura.html,20
nerima,練馬区,11,回収拠点,関町リサイクルセンター,関町北1丁目7番14号,毎月第2土曜日（午前9時から正午まで）,,https://www.city.nerima.tokyo.jp/kurashi/gomi/wakekata/abura.html,20
nerima,練馬区,12,回収拠点,関町北地区区民館,関町北4丁目12番21号,毎月第2土曜日（午前9時から正午まで）,,https://www.city.nerima.tokyo.jp/kurashi/gomi/wakekata/abura.html,20
nerima,練馬区,13,回収拠点,立野地区区民館,立野町15番42号,毎月第2土曜日（午前9時から正午まで）,,https://www.city.nerima.tokyo.jp/kurashi/gomi/wakekata/abura.html,20
nerima,練馬区,14,回収拠点,大泉学園町地域集会所,大泉学園町6丁目20番36号,毎月第2土曜日（午前9時から正午まで）,,https://www.city.nerima.tokyo.jp/kurashi/gomi/wakekata/abura.html,20
nerima,練馬区,15,回収拠点,大泉リサイクルセンター,大泉学園町1丁目34番10号,毎月第2土曜日（午前9時から正午まで）,,https://www.city.nerima.tokyo.jp/kurashi/gomi/wakekata/abura.html,20
nerima,練馬区,16,回収拠点,大泉学園地区区民館,大泉学園町8丁目9番5号,毎月第2土曜日（午前9時から正午まで）,,https://www.city.nerima.tokyo.jp/kurashi/gomi/wakekata/abura.html,20
nerima,練馬区,17,回収拠点,北大泉地区区民館,大泉町2丁目41番26号,毎月第2土曜日（午前9時から正午まで）,,https://www.city.nerima.tokyo.jp/kurashi/gomi/wakekata/abura.html,20
nerima,練馬区,18,回収拠点,大泉町地域集会所,大泉町4丁目35番17号,毎月第2土曜日（午前9時から正午まで）,,https://www.city.nerima.tokyo.jp/kurashi/gomi/wakekata/abura.html,20
nerima,練馬区,19,回収拠点,東大泉地区区民館,東大泉3丁目53番1号,毎月第2土曜日（午前9時から正午まで）,,https://www.city.nerima.tokyo.jp/kurashi/gomi/wakekata/abura.html,20
nerima,練馬区,20,回収拠点,勤労福祉会館,東大泉5丁目40番36号,毎月第2土曜日（午前9時から正午まで）,,https://www.city.nerima.tokyo.jp/kurashi/gomi/wakekata/abura.html,20
nerima,練馬区,21,回収拠点,東大泉地域集会所,東大泉7丁目27番51号,毎月第2土曜日（午前9時から正午まで）,,https://www.city.nerima.tokyo.jp/kurashi/gomi/wakekata/abura.html,20
nerima,練馬区,22,回収拠点,南大泉地区区民館,南大泉2丁目19番26号,毎月第2土曜日（午前9時から正午まで）,,https://www.city.nerima.tokyo.jp/kurashi/gomi/wakekata/abura.html,20
nerima,練馬区,23,回収拠点,西大泉地区区民館,西大泉5丁目3番32号,毎月第2土曜日（午前9時から正午まで） 改修工事に伴い、令和7年6月から令和8年9月末（予定）まで西大泉児童館（西大泉3-21-16）で回収,,https://www.city.nerima.tokyo.jp/kurashi/gomi/wakekata/abura.html,20
nerima,練馬区,24,回収拠点,桜台地区区民館,桜台3丁目39番17号,毎月第3土曜日（午前9時から正午まで）,,https://www.city.nerima.tokyo.jp/kurashi/gomi/wakekata/abura.html,20
nerima,練馬区,25,回収拠点,小竹地域集会所,小竹町1丁目63番2号,毎月第3土曜日（午前9時から正午まで）,,https://www.city.nerima.tokyo.jp/kurashi/gomi/wakekata/abura.html,20
nerima,練馬区,26,回収拠点,豊玉リサイクルセンター,豊玉上2丁目22番15号,毎月第3土曜日（午前9時から正午まで）,,https://www.city.nerima.tokyo.jp/kurashi/gomi/wakekata/abura.html,20
nerima,練馬区,27,回収拠点,豊玉北地区区民館,豊玉北3丁目7番9号,毎月第3土曜日（午前9時から正午まで）,,https://www.city.nerima.tokyo.jp/kurashi/gomi/wakekata/abura.html,20
nerima,練馬区,28,回収拠点,練馬区役所正面玄関前,豊玉北6丁目12番1号,毎月第3土曜日（午前9時から正午まで）,,https://www.city.nerima.tokyo.jp/kurashi/gomi/wakekata/abura.html,20
nerima,練馬区,29,回収拠点,中村橋区民センター,貫井1丁目9番1号,毎月第3土曜日（午前9時から正午まで）,,https://www.city.nerima.tokyo.jp/kurashi/gomi/wakekata/abura.html,20
nerima,練馬区,30,回収拠点,中村地域集会所,中村南2丁目23番12号,毎月第3土曜日（午前9時から正午まで）,,https://www.city.nerima.tokyo.jp/kurashi/gomi/wakekata/abura.html,20
nerima,練馬区,31,回収拠点,旭町北地区区民館,旭町2丁目30番16号,毎月第3土曜日（午前9時から正午まで）,,https://www.city.nerima.tokyo.jp/kurashi/gomi/wakekata/abura.html,20
nerima,練馬区,32,回収拠点,光が丘区民センター1階,光が丘2丁目9番6号,毎月第3土曜日（午前9時から正午まで）,,https://www.city.nerima.tokyo.jp/kurashi/gomi/wakekata/abura.html,20
nerima,練馬区,33,回収拠点,光が丘地区区民館,光が丘3丁目9番4号,毎月第3土曜日（午前9時から正午まで）,,https://www.city.nerima.tokyo.jp/kurashi/gomi/wakekata/abura.html,20
nerima,練馬区,34,回収拠点,田柄地区区民館,田柄3丁目28番13号,毎月第3土曜日（午前9時から正午まで）,,https://www.city.nerima.tokyo.jp/kurashi/gomi/wakekata/abura.html,20
nerima,練馬区,35,回収拠点,春日町リサイクルセンター,春日町2丁目14番16号,毎月第3土曜日（午前9時から正午まで）,,https://www.city.nerima.tokyo.jp/kurashi/gomi/wakekata/abura.html,20
nerima,練馬区,36,回収拠点,春日町南地区区民館,春日町5丁目20番25号,毎月第3土曜日（午前9時から正午まで）,,https://www.city.nerima.tokyo.jp/kurashi/gomi/wakekata/abura.html,20
nerima,練馬区,37,回収拠点,高松地区区民館,高松3丁目24番27号,毎月第3土曜日（午前9時から正午まで）,,https://www.city.nerima.tokyo.jp/kurashi/gomi/wakekata/abura.html,20
nerima,練馬区,38,回収拠点,旭町南地区区民館,高松5丁目23番15号,毎月第3土曜日（午前9時から正午まで）,,https://www.city.nerima.tokyo.jp/kurashi/gomi/wakekata/abura.html,20
nerima,練馬区,39,回収拠点,土支田地域集会所,土支田2丁目40番21号,毎月第3土曜日（午前9時から正午まで）,,https://www.city.nerima.tokyo.jp/kurashi/gomi/wakekata/abura.html,20
nerima,練馬区,40,回収拠点,北町地区区民館,北町2丁目26番1号,毎月第3土曜日（午前9時から正午まで）,,https://www.city.nerima.tokyo.jp/kurashi/gomi/wakekata/abura.html,20
nerima,練馬区,41,回収拠点,北町第二地区区民館,北町6丁目24番101号,毎月第3土曜日（午前9時から正午まで）,,https://www.city.nerima.tokyo.jp/kurashi/gomi/wakekata/abura.html,20
nerima,練馬区,42,回収拠点,錦デイサービスセンター,錦2丁目6番14号,毎月第3土曜日（午前9時から正午まで）,,https://www.city.nerima.tokyo.jp/kurashi/gomi/wakekata/abura.html,20
nerima,練馬区,43,回収拠点,氷川台地区区民館,氷川台2丁目16番14号,毎月第3土曜日（午前9時から正午まで）,,https://www.city.nerima.tokyo.jp/kurashi/gomi/wakekata/abura.html,20
nerima,練馬区,44,回収拠点,早宮地区区民館,早宮4丁目14番5号,毎月第3土曜日（午前9時から正午まで）,,https://www.city.nerima.tokyo.jp/kurashi/gomi/wakekata/abura.html,20
nerima,練馬区,45,回収拠点,練馬区西庁舎入口,豊玉北6-12-1,,,https://www.city.nerima.tokyo.jp/kurashi/gomi/wakekata/abura.html,20
nerima,練馬区,46,回収拠点,練馬区石神井庁舎正面入口,石神井町3-30-26,,,https://www.city.nerima.tokyo.jp/kurashi/gomi/wakekata/abura.html,20
nerima,練馬区,47,回収拠点,ファミリーマート石神井台六丁目店,石神井台6丁目7番3号,民間施設,,https://www.city.nerima.tokyo.jp/kurashi/gomi/wakekata/abura.html,20
nerima,練馬区,48,回収拠点,ファミリーマート西大泉四丁目店,西大泉4丁目22番1号,民間施設,,https://www.city.nerima.tokyo.jp/kurashi/gomi/wakekata/abura.html,20
nerima,練馬区,49,回収拠点,ヨークフーズ石神井店,下石神井1－2－8,民間施設,https://www.york-inc.com/store/syakuzii.html,https://www.city.nerima.tokyo.jp/kurashi/gomi/wakekata/abura.html,20
nerima,練馬区,50,回収拠点,ヨークフーズ練馬高野台店,高野台1ー7－27 エミオ練馬高野台1階,民間施設,https://www.york-inc.com/store/nerimatakanodai.html,https://www.city.nerima.tokyo.jp/kurashi/gomi/wakekata/abura.html,20
nerima,練馬区,51,回収拠点,ヨークマート練馬平和台店,早宮2－2－28,民間施設,https://www.york-inc.com/store/nerimaheiwadai.html,https://www.city.nerima.tokyo.jp/kurashi/gomi/wakekata/abura.html,20
nerima,練馬区,52,回収拠点,ヨークフーズ石神井公園店,石神井町3－23－15,民間施設,https://www.york-inc.com/store/syakuziikouen.html,https://www.city.nerima.tokyo.jp/kurashi/gomi/wakekata/abura.html,20
adachi,足立区,1,回収拠点,足立清掃事務所,東伊興三丁目２３番９号,毎月第３土曜日 午前９時から正午まで,,https://www.city.adachi.tokyo.jp/gomi/syokuyouaburakaisyuu.html,21
adachi,足立区,2,回収拠点,保塚地域学習センター,保塚町７番１６号,毎月第３土曜日 午前９時から正午まで,,https://www.city.adachi.tokyo.jp/gomi/syokuyouaburakaisyuu.html,21
adachi,足立区,3,回収拠点,鹿浜地域学習センター,鹿浜六丁目８番１号,毎月第３土曜日 午前９時から正午まで,,https://www.city.adachi.tokyo.jp/gomi/syokuyouaburakaisyuu.html,21
adachi,足立区,4,回収拠点,足立区役所本庁舎,中央本町一丁目１７番１号,毎月第３土曜日 午前９時から正午まで,,https://www.city.adachi.tokyo.jp/gomi/syokuyouaburakaisyuu.html,21
adachi,足立区,5,回収拠点,あだち産業センター,千住一丁目５番７号,毎月第３土曜日 午前９時から正午まで,,https://www.city.adachi.tokyo.jp/gomi/syokuyouaburakaisyuu.html,21
adachi,足立区,6,回収拠点,足立区役所本庁舎 ごみ減量推進課,中央本町一丁目１７番１号,平日午前８時３０分から午後５時まで,,https://www.city.adachi.tokyo.jp/gomi/syokuyouaburakaisyuu.html,21
adachi,足立区,7,回収拠点,イトーヨーカドー アリオ西新井店,西新井栄町一丁目２０番１号,民間施設,https://stores.itoyokado.co.jp/239,https://www.city.adachi.tokyo.jp/gomi/syokuyouaburakaisyuu.html,21
adachi,足立区,8,回収拠点,ヨークフーズ 梅島店,梅島二丁目３１番２６号,民間施設,https://www.york-inc.com/store/umezima.html,https://www.city.adachi.tokyo.jp/gomi/syokuyouaburakaisyuu.html,21
adachi,足立区,9,回収拠点,ヨークプライス 西新井店,興野一丁目１２番７号,民間施設,https://www.york-inc.com/store/nisiarai.html,https://www.city.adachi.tokyo.jp/gomi/syokuyouaburakaisyuu.html,21
adachi,足立区,10,回収拠点,イトーヨーカドー 綾瀬店,綾瀬三丁目４番２５号,民間施設,https://stores.itoyokado.co.jp/117,https://www.city.adachi.tokyo.jp/gomi/syokuyouaburakaisyuu.html,21
adachi,足立区,11,回収拠点,ヨークフーズ 千住店,千住三丁目２番地,民間施設,https://www.york-inc.com/store/senjyu.html,https://www.city.adachi.tokyo.jp/gomi/syokuyouaburakaisyuu.html,21
katsushika,葛飾区,1,回収拠点,葛飾区役所（区役所1階正面玄関横）,立石5-13-1,,,https://www.city.katsushika.lg.jp/kurashi/1000062/1023018/1023047.html,22
katsushika,葛飾区,2,回収拠点,立石地区センター,立石3-12-1,,,https://www.city.katsushika.lg.jp/kurashi/1000062/1023018/1023047.html,22
katsushika,葛飾区,3,回収拠点,東立石地区センター,東立石2-15-7,,,https://www.city.katsushika.lg.jp/kurashi/1000062/1023018/1023047.html,22
katsushika,葛飾区,4,回収拠点,東四つ木地区センター,東四つ木1-20-4,,,https://www.city.katsushika.lg.jp/kurashi/1000062/1023018/1023047.html,22
katsushika,葛飾区,5,回収拠点,四つ木地区センター,宝町1-1-22,,,https://www.city.katsushika.lg.jp/kurashi/1000062/1023018/1023047.html,22
katsushika,葛飾区,6,回収拠点,堀切地区センター,堀切3-8-5,,,https://www.city.katsushika.lg.jp/kurashi/1000062/1023018/1023047.html,22
katsushika,葛飾区,7,回収拠点,南綾瀬地区センター,堀切7-8-22,,,https://www.city.katsushika.lg.jp/kurashi/1000062/1023018/1023047.html,22
katsushika,葛飾区,8,回収拠点,お花茶屋地区センター,お花茶屋2-1-12,,,https://www.city.katsushika.lg.jp/kurashi/1000062/1023018/1023047.html,22
katsushika,葛飾区,9,回収拠点,青戸地区センター,青戸5-20-6,,,https://www.city.katsushika.lg.jp/kurashi/1000062/1023018/1023047.html,22
katsushika,葛飾区,10,回収拠点,新小岩北地区センター,東新小岩6-21-1,,,https://www.city.katsushika.lg.jp/kurashi/1000062/1023018/1023047.html,22
katsushika,葛飾区,11,回収拠点,新小岩地区センター,新小岩2-17-1,,,https://www.city.katsushika.lg.jp/kurashi/1000062/1023018/1023047.html,22
katsushika,葛飾区,12,回収拠点,奥戸地区センター,奥戸3-9-17,,,https://www.city.katsushika.lg.jp/kurashi/1000062/1023018/1023047.html,22
katsushika,葛飾区,13,回収拠点,高砂地区センター,高砂3-1-39,,,https://www.city.katsushika.lg.jp/kurashi/1000062/1023018/1023047.html,22
katsushika,葛飾区,14,回収拠点,柴又地区センター,柴又1-38-2,,,https://www.city.katsushika.lg.jp/kurashi/1000062/1023018/1023047.html,22
katsushika,葛飾区,15,回収拠点,新宿地区センター,新宿4-1-10,,,https://www.city.katsushika.lg.jp/kurashi/1000062/1023018/1023047.html,22
katsushika,葛飾区,16,回収拠点,金町地区センター,東金町1-22-1,,,https://www.city.katsushika.lg.jp/kurashi/1000062/1023018/1023047.html,22
katsushika,葛飾区,17,回収拠点,東金町地区センター,東金町5-33-6,,,https://www.city.katsushika.lg.jp/kurashi/1000062/1023018/1023047.html,22
katsushika,葛飾区,18,回収拠点,水元地区センター,水元3-13-22,,,https://www.city.katsushika.lg.jp/kurashi/1000062/1023018/1023047.html,22
katsushika,葛飾区,19,回収拠点,西水元地区センター,西水元5-3-1,,,https://www.city.katsushika.lg.jp/kurashi/1000062/1023018/1023047.html,22
katsushika,葛飾区,20,回収拠点,鎌倉図書館,鎌倉2-4-5,,,https://www.city.katsushika.lg.jp/kurashi/1000062/1023018/1023047.html,22
katsushika,葛飾区,21,回収拠点,亀有学び交流館,お花茶屋3-5-6,,,https://www.city.katsushika.lg.jp/kurashi/1000062/1023018/1023047.html,22
katsushika,葛飾区,22,回収拠点,イトーヨーカドーアリオ亀有店,亀有3-49-3,民間施設,https://stores.itoyokado.co.jp/234,https://www.city.katsushika.lg.jp/kurashi/1000062/1023018/1023047.html,22
katsushika,葛飾区,23,回収拠点,イトーヨーカドー亀有駅前店,亀有3-26-1,民間施設,https://stores.itoyokado.co.jp/168,https://www.city.katsushika.lg.jp/kurashi/1000062/1023018/1023047.html,22
katsushika,葛飾区,24,回収拠点,イトーヨーカドー高砂店,高砂3-12-5,民間施設,https://stores.itoyokado.co.jp/019,https://www.city.katsushika.lg.jp/kurashi/1000062/1023018/1023047.html,22
katsushika,葛飾区,25,回収拠点,イトーヨーカドー四つ木店,四つ木2-21-1,民間施設,https://stores.itoyokado.co.jp/153,https://www.city.katsushika.lg.jp/kurashi/1000062/1023018/1023047.html,22
katsushika,葛飾区,26,回収拠点,ヨークフーズ立石店,立石1-18-3,民間施設,https://www.york-inc.com/store/tateishi.html,https://www.city.katsushika.lg.jp/kurashi/1000062/1023018/1023047.html,22
katsushika,葛飾区,27,回収拠点,ヨークマート青戸店,青戸2-20-6,民間施設,https://www.york-inc.com/store/aoto.html,https://www.city.katsushika.lg.jp/kurashi/1000062/1023018/1023047.html,22
edogawa,江戸川区,1,回収拠点,イトーヨーカドーアリオ葛西店,東葛西９丁目３−３,民間施設,https://stores.itoyokado.co.jp/195,https://www.city.edogawa.tokyo.jp/e025/kurashi/gomi_recycle/gomigenryo/abura.html,23
edogawa,江戸川区,2,回収拠点,イトーヨーカドー小岩店,西小岩１丁目２４−１,民間施設,https://stores.itoyokado.co.jp/094,https://www.city.edogawa.tokyo.jp/e025/kurashi/gomi_recycle/gomigenryo/abura.html,23
hachioji,八王子市,1,回収拠点,イトーヨーカドー八王子店,狭間町1462-1,民間施設,https://stores.itoyokado.co.jp/197,https://www.city.hachioji.tokyo.jp/kurashi/gomi/001/001/p033351.html,24
hachioji,八王子市,2,回収拠点,イトーヨーカドー南大沢店,南大沢2-28-1,民間施設,https://stores.itoyokado.co.jp/186,https://www.city.hachioji.tokyo.jp/kurashi/gomi/001/001/p033351.html,24
musashino,武蔵野市,1,回収拠点,イトーヨーカドー武蔵境店 東館1階サービスカウンター,境南町2-2-20,民間施設,https://stores.itoyokado.co.jp/083,,25
mitaka,mitaka,1,回収拠点,青梅市リサイクルセンター,新町６丁目９番地の１,月曜日～金曜日（祝日、年末年始は除く）及び日曜日、午前9時～午後4時,,https://www.city.ome.tokyo.jp/soshiki/23/1041.html,26
fuchu,府中市,1,説明,,,表形式の回収拠点一覧なし,,https://www.city.fuchu.tokyo.jp/kurashi/gomirisaikuru/dashikata/kateigomi/gominodasikata.html,27
akishima,昭島市,1,回収拠点,環境コミュニケーションセンター,美堀町3-8-1,〇平日（年末年始を除く） 午前8時45分から午前11時30分まで 午後1時から午後4時まで 〇第1・3日曜日、祝日（土曜日を除く） 午前8時45分から午前11時30分まで 午後1時から午後3時30分まで,,https://www.city.akishima.lg.jp/s072/010/010/010/20250502120112.html,28
akishima,昭島市,2,回収拠点,イトーヨーカドー昭島店,代官山２丁目３−１,民間施設,https://stores.itoyokado.co.jp/121,https://www.city.akishima.lg.jp/s072/010/010/010/20250502120112.html,28
chofu,調布市,1,回収拠点,金子地域福祉センター,西つつじヶ丘4丁目43番地3,毎月第4土曜日の午前9時～11時30分に実施,,https://www.city.chofu.lg.jp/070030/p041239.html,29
chofu,調布市,2,回収拠点,西部地域福祉センター,上石原2丁目15番地6,毎月第4土曜日の午前9時～11時30分に実施,,https://www.city.chofu.lg.jp/070030/p041239.html,29
chofu,調布市,3,回収拠点,調布ケ丘地域福祉センター,調布ケ丘3丁目58番地2,毎月第4土曜日の午前9時～11時30分に実施,,https://www.city.chofu.lg.jp/070030/p041239.html,29
chofu,調布市,4,回収拠点,染地地域福祉センター,染地3丁目3番地1,毎月第4土曜日の午前9時～11時30分に実施,,https://www.city.chofu.lg.jp/070030/p041239.html,29
chofu,調布市,5,回収拠点,緑ケ丘地域福祉センター,緑ケ丘2丁目18番地49,毎月第4土曜日の午前9時～11時30分に実施,,https://www.city.chofu.lg.jp/070030/p041239.html,29
chofu,調布市,6,回収拠点,菊野台地域福祉センター,菊野台1丁目38番地1,毎月第4土曜日の午前9時～11時30分に実施,,https://www.city.chofu.lg.jp/070030/p041239.html,29
chofu,調布市,7,回収拠点,富士見地域福祉センター,富士見町4丁目15番地6,毎月第4土曜日の午前9時～11時30分に実施,,https://www.city.chofu.lg.jp/070030/p041239.html,29
chofu,調布市,8,回収拠点,下石原地域福祉センター,下石原3丁目72番地1,毎月第4土曜日の午前9時～11時30分に実施,,https://www.city.chofu.lg.jp/070030/p041239.html,29
chofu,調布市,9,回収拠点,入間地域福祉センター,入間町1丁目13番地2,毎月第4土曜日の午前9時～11時30分に実施,,https://www.city.chofu.lg.jp/070030/p041239.html,29
chofu,調布市,10,回収拠点,深大寺地域福祉センター,深大寺北町2丁目40番地1,毎月第4土曜日の午前9時～11時30分に実施,,https://www.city.chofu.lg.jp/070030/p041239.html,29
chofu,調布市,11,回収拠点,キッチンコート 西調布店,下石原3-11-1,民間施設,,https://www.city.chofu.lg.jp/070030/p041239.html,29
chofu,調布市,12,回収拠点,京王ストア 仙川店,仙川町1-43-1,民間施設,,https://www.city.chofu.lg.jp/070030/p041239.html,29
chofu,調布市,13,回収拠点,イトーヨーカドー 国領店,国領町8-2-64,民間施設,https://stores.itoyokado.co.jp/226,https://www.city.chofu.lg.jp/070030/p041239.html,29
machida,町田市,1,回収拠点,リサイクル広場まちだ,木曽東2-1-1,月曜日から土曜日（祝休日・年末年始を除く）の午前9時30分から午後3時30分,,https://www.city.machida.tokyo.jp/kurashi/kankyo/gomi/event/recycle/risaikuruhiroba.html,30
machida,町田市,2,回収拠点,成瀬クリーンセンター,南成瀬8-1-1,毎月第1土曜日（祝日・年末年始を除く）1月3日は開催いたしません,,https://www.city.machida.tokyo.jp/kurashi/kankyo/gomi/event/recycle/risaikuruhiroba.html,30
machida,町田市,3,回収拠点,山崎団地名店街,山崎町2200山崎団地名店街中央,毎月第2火曜日（祝日を除く）,,https://www.city.machida.tokyo.jp/kurashi/kankyo/gomi/event/recycle/risaikuruhiroba.html,30
machida,町田市,4,回収拠点,玉川学園商店会,玉川学園2-7-4付近,毎月第2水曜日（祝日を除く）,,https://www.city.machida.tokyo.jp/kurashi/kankyo/gomi/event/recycle/risaikuruhiroba.html,30
machida,町田市,5,回収拠点,鶴川市民センター,大蔵町1981-4,毎月第2土曜日（祝日を除く）,,https://www.city.machida.tokyo.jp/kurashi/kankyo/gomi/event/recycle/risaikuruhiroba.html,30
machida,町田市,6,回収拠点,町田市庁舎【正面入口の外側】,森野2-2-22,毎月第3水曜日（祝日を除く),,https://www.city.machida.tokyo.jp/kurashi/kankyo/gomi/event/recycle/risaikuruhiroba.html,30
machida,町田市,7,回収拠点,成瀬団地商店会,成瀬7-10-6付近,毎月第3木曜日（祝日を除く）,,https://www.city.machida.tokyo.jp/kurashi/kankyo/gomi/event/recycle/risaikuruhiroba.html,30
machida,町田市,8,回収拠点,子どもセンターばあん,金森4-5-7,毎月第3土曜日（祝日を除く）,,https://www.city.machida.tokyo.jp/kurashi/kankyo/gomi/event/recycle/risaikuruhiroba.html,30
machida,町田市,9,回収拠点,町田市バイオエネルギーセンター,下小山田町3160,毎月第3土曜日（祝日を除く）,,https://www.city.machida.tokyo.jp/kurashi/kankyo/gomi/event/recycle/risaikuruhiroba.html,30
machida,町田市,10,回収拠点,鶴川団地センター名店街広場,鶴川6-7-4,毎月第4土曜日（祝日を除く）,,https://www.city.machida.tokyo.jp/kurashi/kankyo/gomi/event/recycle/risaikuruhiroba.html,30
machida,町田市,11,回収拠点,相原中央公園,相原町2018,毎月第4土曜日（祝日を除く）,,https://www.city.machida.tokyo.jp/kurashi/kankyo/gomi/event/recycle/risaikuruhiroba.html,30
machida,町田市,12,回収拠点,リサイクル広場・真光寺,真光寺3-2の1,毎週日曜日（第5日曜日と年末年始を除く）12月28日と1月4日は開催いたしません,,https://www.city.machida.tokyo.jp/kurashi/kankyo/gomi/event/recycle/risaikuruhiroba.html,30
machida,町田市,13,回収拠点,リサイクル広場・根岸,根岸2-7-1,毎月第3日曜日,,https://www.city.machida.tokyo.jp/kurashi/kankyo/gomi/event/recycle/risaikuruhiroba.html,30
koganei,小金井市,1,回収拠点,イトーヨーカドー武蔵小金井店,本町６丁目１４−９,民間施設,https://stores.itoyokado.co.jp/242,,31
koganei,小金井市,2,回収拠点,ヨークフーズ 東小金井店,梶野町５丁目１０−１,民間施設,https://www.york-inc.com/store/higashikoganei.html,,31
kodaira,小平市,1,回収拠点,小平市リサイクルセンター,小川東町5－19－10,土日・祝日・年末年始を除く8時30分から17時まで,,https://www.city.kodaira.tokyo.jp/kurashi/043/043028.html,32
kodaira,小平市,2,回収拠点,小川町一丁目児童館,小川町1－3045,,,https://www.city.kodaira.tokyo.jp/kurashi/043/043028.html,32
kodaira,小平市,3,回収拠点,小川町二丁目児童館,小川町2－1154,,,https://www.city.kodaira.tokyo.jp/kurashi/043/043028.html,32
kodaira,小平市,4,回収拠点,花小金井南児童館,花小金井南町3－31－17,,,https://www.city.kodaira.tokyo.jp/kurashi/043/043028.html,32
higashimurayama,東村山市,1,回収拠点,秋水園,秋津町4丁目17番地1,祝日を含む月曜日から金曜日 午前8時30分から午後5時まで,,https://www.city.higashimurayama.tokyo.jp/kurashi/gomi/oshirase/aburakatabura.html,33
higashimurayama,東村山市,2,回収拠点,東村山市役所,本町1丁目2番地3,祝日を除く月曜日から金曜日 午前8時30分から午後5時まで,,https://www.city.higashimurayama.tokyo.jp/kurashi/gomi/oshirase/aburakatabura.html,33
higashimurayama,東村山市,3,回収拠点,美住リサイクルショップ展示室入口,美住町2丁目11番地32,祝日を除く月・火・木曜日から日曜日 午前9時から午後5時まで,,https://www.city.higashimurayama.tokyo.jp/kurashi/gomi/oshirase/aburakatabura.html,33
higashimurayama,東村山市,4,回収拠点,TAC東村山スポーツセンター,久米川町3丁目30番地5,全日 午前8時30分から午後10時30分まで,,https://www.city.higashimurayama.tokyo.jp/kurashi/gomi/oshirase/aburakatabura.html,33
higashimurayama,東村山市,5,回収拠点,萩山公民館,萩山町2丁目15番地1,一部祝日を除く火曜日から日曜日 午前9時から午後10時まで,,https://www.city.higashimurayama.tokyo.jp/kurashi/gomi/oshirase/aburakatabura.html,33
higashimurayama,東村山市,6,回収拠点,廻田公民館,廻田町4丁目19番地1,一部祝日を除く火曜日から日曜日 午前9時から午後10時まで,,https://www.city.higashimurayama.tokyo.jp/kurashi/gomi/oshirase/aburakatabura.html,33
higashimurayama,東村山市,7,回収拠点,富士見公民館,富士見町5丁目4番地51,一部祝日を除く火曜日から日曜日 午前9時から午後10時まで,,https://www.city.higashimurayama.tokyo.jp/kurashi/gomi/oshirase/aburakatabura.html,33
higashimurayama,東村山市,8,回収拠点,イトーヨーカドー東村山店,本町２丁目2−１９,民間施設,https://stores.itoyokado.co.jp/064,https://www.city.higashimurayama.tokyo.jp/kurashi/gomi/oshirase/aburakatabura.html,33
higashimurayama,東村山市,9,回収拠点,ヨークフーズ東村山店,恩多町５丁目４７−５,民間施設,https://www.york-inc.com/store/higasimurayama.html,https://www.city.higashimurayama.tokyo.jp/kurashi/gomi/oshirase/aburakatabura.html,33
kokubunji,国分寺市,1,回収拠点,第四小学校,西元町１丁目８−１,毎週 月曜日・木曜日（年末年始を除く）午前8時30分～午前11時30分,,https://www.city.kokubunji.tokyo.jp/kurashi/1011327/1011670/1024545.html,34
kokubunji,国分寺市,2,回収拠点,本多公民館,本多１丁目７−１,毎週 月曜日・木曜日（年末年始を除く）午前8時30分～午前11時30分,,https://www.city.kokubunji.tokyo.jp/kurashi/1011327/1011670/1024545.html,34
kokubunji,国分寺市,3,回収拠点,もとまち公民館,東元町２丁目３−１３,毎週 月曜日・木曜日（年末年始を除く）午前8時30分～午前11時30分,,https://www.city.kokubunji.tokyo.jp/kurashi/1011327/1011670/1024545.html,34
kokubunji,国分寺市,4,回収拠点,第二小学校,光町３丁目１,毎週 火曜日・金曜日（年末年始を除く）午前8時30分～午前11時30分,,https://www.city.kokubunji.tokyo.jp/kurashi/1011327/1011670/1024545.html,34
kokubunji,国分寺市,5,回収拠点,並木公民館,並木町２丁目１２−３,毎週 火曜日・金曜日（年末年始を除く）午前8時30分～午前11時30分,,https://www.city.kokubunji.tokyo.jp/kurashi/1011327/1011670/1024545.html,34
kokubunji,国分寺市,6,回収拠点,ともしび工房,西恋ケ窪４丁目１０−２,平日（年末年始を除く）午前8時30分～正午、午後1時～午後4時,,https://www.city.kokubunji.tokyo.jp/kurashi/1011327/1011670/1024545.html,34
kokubunji,国分寺市,7,回収拠点,西町地域センター,西町３丁目２２－１,毎週 火曜日・金曜日（年末年始を除く）午前8時30分～午前11時30分,,https://www.city.kokubunji.tokyo.jp/kurashi/1011327/1011670/1024545.html,34
kunitachi,国立市,1,回収拠点,国立地域コラボ プラムジャム,富士見台1-7-1,毎週金曜日10時から15時のみ受付,,https://www.city.kunitachi.tokyo.jp/soshiki/Dept05/Div03/Sec01/gyomu/0434/0436/0437/1464586563604.html,35
kunitachi,国立市,2,回収拠点,市役所ごみ減量課清掃係,富士見台2-47-1 1階17番窓口,開庁日のみ受付,,https://www.city.kunitachi.tokyo.jp/soshiki/Dept05/Div03/Sec01/gyomu/0434/0436/0437/1464586563604.html,35
kunitachi,国立市,3,回収拠点,国立市環境センター,谷保6-26-17,9時から12時、13時から16時のみ受付,,https://www.city.kunitachi.tokyo.jp/soshiki/Dept05/Div03/Sec01/gyomu/0434/0436/0437/1464586563604.html,35
fussa,福生市,1,説明,,,表形式の回収拠点一覧なし,,https://www.city.fussa.tokyo.jp/life/recycle/1017547/1020226.html,36
higashiyamato,東大和市,1,回収拠点,イトーヨーカドー東大和店,東大和市桜が丘2-142-1,民間施設,https://stores.itoyokado.co.jp/218,https://www.city.higashiyamato.lg.jp/kurashi/gomirecycle/1001947/1010806.html,37
kiyose,清瀬市,1,回収拠点,清瀬市役所1階（駐車場最寄り入口）,中里５丁目８４２,,,https://www.city.kiyose.lg.jp/kurashi/gomi/gomi/1013959.html,38
kiyose,清瀬市,2,回収拠点,松山地域市民センター,松山２丁目６−２５,,,https://www.city.kiyose.lg.jp/kurashi/gomi/gomi/1013959.html,38
kiyose,清瀬市,3,回収拠点,野塩地域市民センター,野塩１丁目３２２−２,,,https://www.city.kiyose.lg.jp/kurashi/gomi/gomi/1013959.html,38
kiyose,清瀬市,4,回収拠点,下宿地域市民センター,下宿２丁目５２４−１,,,https://www.city.kiyose.lg.jp/kurashi/gomi/gomi/1013959.html,38
kiyose,清瀬市,5,回収拠点,中里地域市民センター,中里4丁目１３０１,,,https://www.city.kiyose.lg.jp/kurashi/gomi/gomi/1013959.html,38
kiyose,清瀬市,6,回収拠点,中清戸地域市民センター,中清戸４丁目８４７ 都営中清戸四丁目アパート５号棟,,,https://www.city.kiyose.lg.jp/kurashi/gomi/gomi/1013959.html,38
kiyose,清瀬市,7,回収拠点,竹丘地域市民センター,竹丘１丁目１１−１ 都営清瀬竹丘一丁目アパート１号棟,,,https://www.city.kiyose.lg.jp/kurashi/gomi/gomi/1013959.html,38
kiyose,清瀬市,8,回収拠点,清瀬けやきホール,元町１丁目６−６ 清瀬けやきホール 3階,,,https://www.city.kiyose.lg.jp/kurashi/gomi/gomi/1013959.html,38
kiyose,清瀬市,9,回収拠点,コミュニティプラザひまわり,下清戸１丁目２１２−４,,,https://www.city.kiyose.lg.jp/kurashi/gomi/gomi/1013959.html,38
higashikurume,東久留米市,1,回収拠点,イトーヨーカドー東久留米店,本町3-8-1,民間施設,https://stores.itoyokado.co.jp/165,https://www.city.higashikurume.lg.jp/kurashi/kankyo/shigen/1018175/1024521.html,39
musashimurayama,武蔵村山市,1,回収拠点,市役所本庁舎（1階）,本町1-1-1,,,https://www.city.musashimurayama.lg.jp/kurashi/gomi/1011989/1021743.html,40
musashimurayama,武蔵村山市,2,回収拠点,残堀・伊奈平地区会館（1階・3階）,残堀1-60-3,,,https://www.city.musashimurayama.lg.jp/kurashi/gomi/1011989/1021743.html,40
musashimurayama,武蔵村山市,3,回収拠点,緑が丘出張所,緑が丘1460 1104号棟,,,https://www.city.musashimurayama.lg.jp/kurashi/gomi/1011989/1021743.html,40
musashimurayama,武蔵村山市,4,回収拠点,イオンモールむさし村山 インフォメーションセンター（2階）,榎1-1-3,民間施設,,https://www.city.musashimurayama.lg.jp/kurashi/gomi/1011989/1021743.html,40
musashimurayama,武蔵村山市,5,回収拠点,ダイエー武蔵村山店 セルフレジ付近（1階）,伊奈平3-36-1,民間施設,,https://www.city.musashimurayama.lg.jp/kurashi/gomi/1011989/1021743.html,40
tama,多摩市,1,回収拠点,京王ストア桜ヶ丘店,関戸1-11-1,民間施設,,,41
tama,多摩市,2,回収拠点,京王ストア多摩センター店,落合1-10-1京王多摩センターSC1階東側,民間施設,,,41
tama,多摩市,3,回収拠点,エコにこセンター,唐木田2-1-1多摩清掃工場併設,多摩ニュータウン環境組合構成市（八王子市・町田市・多摩市）の市民のみ,,,41
tama,多摩市,4,回収拠点,イトーヨーカドー多摩センター店,落合１丁目４４,民間施設,https://stores.itoyokado.co.jp/095,,41
inagi,稲城市,1,回収拠点,京王ストア稲城店,東長沼3107-4,民間施設,,https://www.city.inagi.tokyo.jp/kurashi/gomi/1005149/1012326.html,42
hamura,羽村市,1,回収拠点,市役所1階,緑ヶ丘５丁目２−１,月曜日から金曜日（祝日除く）の午前8時30分から午後5時、毎月第2・第4土曜日の午前8時30分から正午,,https://www.city.hamura.tokyo.jp/0000019626.html,43
hamura,羽村市,2,回収拠点,リサイクルセンター,羽４２２１−１,月曜日から金曜日（祝日除く）の午前9時から午後4時、毎月第1日曜日の午前9時から午前11時45分・午後1時から午後4時,,https://www.city.hamura.tokyo.jp/0000019626.html,43
nishitokyo,西東京市,1,回収拠点,ヨークフーズ 保谷店,東町１丁目１１−２８,民間施設,https://www.york-inc.com/store/houya.html,https://www.city.nishitokyo.lg.jp/kurasi/gomi_recycle/shushu/bunbetsu/haishoku.html,44
mizuho,瑞穂町,1,回収拠点,ジョイフル本田瑞穂店,大字殿ケ谷442番地,民間施設,,,45
hinohara,檜原村,1,説明,,,檜原村では戸別回収を実施しています,,https://www.vill.hinohara.tokyo.jp/0000000004.html,46
